ad_id,car_id,user_id,location_id,date_posted,allow_bidding
1,1,423,954,2024-04-18,False
2,2,1224,891,2024-05-17,False
3,3,1436,595,2024-01-29,True
4,4,1155,753,2023-09-22,False
5,5,101,502,2024-07-12,False
6,6,563,60,2024-01-08,True
7,7,113,383,2024-04-16,True
8,8,623,967,2024-02-15,True
9,9,494,647,2023-12-26,False
10,10,988,530,2024-02-27,False
11,11,1361,954,2024-03-18,False
12,12,538,891,2024-05-12,False
13,13,1227,595,2023-12-13,False
14,14,55,753,2024-03-27,True
15,15,946,502,2024-03-21,False
16,16,1078,60,2023-11-17,False
17,17,1111,383,2023-10-27,False
18,18,1349,967,2024-06-15,True
19,19,319,647,2023-12-09,False
20,20,1045,530,2023-12-17,True
21,21,145,954,2024-07-09,False
22,22,1492,891,2024-04-14,False
23,23,462,595,2023-11-15,True
24,24,1090,753,2024-04-12,True
25,25,317,502,2024-02-22,False
26,26,1301,60,2023-11-19,False
27,27,420,383,2023-09-29,False
28,28,553,967,2024-04-27,True
29,29,293,647,2024-08-14,False
30,30,612,530,2023-10-24,False
31,31,958,954,2024-01-30,False
32,32,32,891,2024-05-18,True
33,33,294,595,2023-10-13,True
34,34,931,753,2024-02-01,False
35,35,214,502,2023-09-02,True
36,36,1346,60,2024-02-16,False
37,37,1091,383,2024-01-27,True
38,38,64,967,2023-09-03,True
39,39,250,647,2024-07-29,False
40,40,162,530,2024-08-25,True
41,41,758,954,2024-04-22,True
42,42,185,891,2024-08-15,True
43,43,740,595,2024-06-08,False
44,44,1075,753,2024-04-08,False
45,45,1326,502,2023-12-31,True
46,46,605,60,2024-02-16,False
47,47,575,383,2024-07-16,False
48,48,1355,967,2023-09-02,True
49,49,704,647,2024-02-29,True
50,50,440,530,2023-12-07,True
51,51,791,954,2023-09-05,True
52,52,1163,891,2024-03-07,False
53,53,345,595,2023-10-25,True
54,54,1125,753,2024-03-28,False
55,55,529,502,2024-04-12,False
56,56,599,60,2024-06-03,False
57,57,302,383,2024-07-06,False
58,58,449,967,2024-03-18,False
59,59,1174,647,2024-02-25,True
60,60,1329,530,2024-01-15,True
61,61,420,954,2024-01-09,False
62,62,480,891,2023-09-02,False
63,63,575,595,2023-12-03,False
64,64,1176,753,2024-03-31,False
65,65,838,502,2023-09-14,False
66,66,998,60,2024-06-12,True
67,67,595,383,2024-01-05,True
68,68,699,967,2023-09-08,False
69,69,1406,647,2023-10-15,True
70,70,653,530,2024-03-30,False
71,71,958,954,2023-09-06,True
72,72,207,954,2024-06-26,False
73,73,1383,891,2024-08-17,True
74,74,1414,954,2024-06-03,True
75,75,1313,891,2023-12-22,False
76,76,123,595,2023-11-23,True
77,77,505,753,2024-02-05,True
78,78,265,502,2023-11-28,False
79,79,333,60,2024-06-03,True
80,80,328,383,2023-12-19,True
81,81,379,967,2023-12-09,True
82,82,1173,647,2023-08-29,False
83,83,182,530,2024-08-01,False
84,84,746,954,2024-03-16,True
85,85,128,891,2024-04-30,True
86,86,1465,595,2024-04-29,False
87,87,794,753,2024-04-20,False
88,88,172,502,2024-05-14,True
89,89,195,60,2024-01-16,True
90,90,1119,383,2024-06-29,False
91,91,707,967,2023-12-20,True
92,92,1005,647,2024-05-14,True
93,93,42,530,2023-10-05,True
94,94,41,954,2024-03-10,True
95,95,286,891,2023-11-20,True
96,96,180,595,2024-02-03,True
97,97,655,753,2024-08-05,False
98,98,93,502,2024-01-31,False
99,99,552,60,2023-10-23,False
100,100,681,383,2023-12-22,False
101,101,1158,967,2024-01-09,False
102,102,967,647,2024-06-10,True
103,103,995,530,2024-08-21,True
104,104,542,954,2023-08-29,False
105,105,749,891,2024-06-02,True
106,106,663,595,2023-09-11,False
107,107,1059,753,2024-06-19,True
108,108,416,502,2023-11-02,False
109,109,330,60,2024-05-10,True
110,110,1229,383,2023-12-13,True
111,111,950,967,2023-11-12,False
112,112,1204,647,2024-01-08,False
113,113,437,530,2023-11-27,False
114,114,79,954,2023-09-16,False
115,115,1467,891,2024-01-14,True
116,116,387,595,2024-05-17,True
117,117,1490,753,2024-03-05,False
118,118,33,502,2024-01-09,False
119,119,1077,60,2023-09-14,False
120,120,1016,383,2024-07-15,False
121,121,566,967,2024-06-19,True
122,122,1026,647,2024-08-02,True
123,123,32,530,2023-12-03,False
124,124,1039,954,2024-04-15,False
125,125,223,891,2024-05-13,True
126,126,1291,595,2024-05-05,True
127,127,1090,753,2024-07-23,True
128,128,155,502,2024-03-28,True
129,129,1030,60,2023-11-27,False
130,130,1458,383,2024-05-11,True
131,131,340,967,2023-08-29,False
132,132,249,647,2023-10-12,False
133,133,826,530,2024-07-17,True
134,134,1253,954,2024-08-12,False
135,135,1081,891,2024-07-01,True
136,136,1294,595,2023-12-14,False
137,137,242,753,2024-01-15,True
138,138,429,502,2024-02-18,True
139,139,1087,60,2024-04-03,False
140,140,501,383,2024-03-06,True
141,141,31,967,2023-10-15,False
142,142,587,647,2024-02-27,False
143,143,964,530,2024-04-07,False
144,144,1291,954,2024-04-25,False
145,145,345,954,2024-06-12,True
146,146,764,891,2024-04-25,False
147,147,238,954,2024-04-04,True
148,148,289,891,2024-03-30,False
149,149,696,595,2024-04-09,True
150,150,1241,753,2023-10-18,False
151,151,1409,502,2024-06-11,True
152,152,98,60,2024-06-28,True
153,153,447,383,2024-08-16,True
154,154,385,967,2024-02-06,False
155,155,223,647,2023-09-08,False
156,156,604,530,2024-08-23,True
157,157,287,954,2023-11-26,False
158,158,509,891,2023-09-26,True
159,159,1390,595,2023-12-25,True
160,160,1380,753,2024-03-24,False
161,161,799,502,2024-06-19,False
162,162,168,60,2024-08-09,False
163,163,113,383,2024-01-13,False
164,164,683,967,2023-11-02,False
165,165,742,647,2024-08-02,True
166,166,642,530,2023-09-09,False
167,167,679,954,2024-07-25,True
168,168,171,891,2024-07-31,True
169,169,1470,595,2023-11-08,False
170,170,1470,753,2024-06-08,False
171,171,581,502,2024-06-08,True
172,172,733,60,2024-01-26,True
173,173,777,383,2024-08-15,False
174,174,369,967,2024-06-03,True
175,175,409,647,2023-10-11,False
176,176,579,530,2024-07-20,False
177,177,1453,954,2023-12-06,True
178,178,873,891,2024-05-28,False
179,179,75,595,2023-10-15,True
180,180,456,753,2024-03-08,False
181,181,409,502,2024-07-26,False
182,182,913,60,2024-04-28,False
183,183,535,383,2023-11-12,True
184,184,790,967,2023-10-07,False
185,185,1443,647,2024-07-19,False
186,186,1,530,2024-07-19,True
187,187,635,954,2024-06-06,True
188,188,1450,891,2024-07-10,False
189,189,649,595,2023-11-09,True
190,190,830,753,2024-03-15,False
191,191,834,502,2024-05-23,False
192,192,1499,60,2024-06-23,True
193,193,1242,383,2023-09-16,False
194,194,1238,967,2023-11-06,False
195,195,534,647,2024-02-09,True
196,196,402,530,2024-05-27,False
197,197,720,954,2024-06-27,True
198,198,605,891,2023-10-02,False
199,199,335,595,2023-11-22,True
200,200,508,753,2024-02-04,False
201,201,1352,502,2024-08-21,False
202,202,719,60,2023-10-01,True
203,203,24,383,2024-05-30,True
204,204,1282,967,2024-03-13,True
205,205,399,647,2023-12-10,True
206,206,176,530,2024-01-11,False
207,207,968,954,2023-12-22,False
208,208,283,891,2024-03-12,False
209,209,116,595,2024-04-12,False
210,210,122,753,2024-08-21,True
211,211,1280,502,2024-01-31,True
212,212,1100,60,2023-09-08,False
213,213,492,383,2024-06-07,False
214,214,159,967,2023-10-01,True
215,215,252,647,2024-01-30,True
216,216,198,530,2024-03-01,True
217,217,33,954,2024-01-14,False
218,218,100,954,2024-03-20,True
219,219,862,891,2024-06-15,False
220,220,1179,954,2024-07-02,True
221,221,369,891,2023-12-21,False
222,222,206,595,2023-09-09,False
223,223,914,753,2024-03-04,False
224,224,344,502,2024-03-28,True
225,225,1410,60,2023-11-09,False
226,226,1272,383,2023-12-20,False
227,227,1356,967,2024-01-09,True
228,228,167,647,2023-11-25,False
229,229,1233,530,2024-01-20,False
230,230,1442,954,2024-01-12,True
231,231,442,891,2023-09-07,False
232,232,586,595,2024-05-04,False
233,233,348,753,2024-02-07,True
234,234,114,502,2024-01-15,True
235,235,1049,60,2023-12-16,True
236,236,42,383,2024-03-13,True
237,237,423,967,2023-10-26,True
238,238,1469,647,2024-04-30,False
239,239,967,530,2024-08-25,True
240,240,704,954,2023-09-08,False
241,241,846,891,2024-08-10,False
242,242,832,595,2024-05-03,True
243,243,892,753,2023-09-05,False
244,244,561,502,2024-05-18,True
245,245,1217,60,2023-11-13,True
246,246,717,383,2024-02-11,False
247,247,1241,967,2024-03-16,False
248,248,1062,647,2024-02-11,True
249,249,330,530,2024-06-15,False
250,250,1277,954,2024-07-28,False
251,251,126,891,2024-05-21,False
252,252,496,595,2024-05-19,False
253,253,701,753,2024-01-12,True
254,254,1135,502,2024-08-17,True
255,255,936,60,2024-01-04,True
256,256,499,383,2023-10-24,True
257,257,882,967,2024-08-26,True
258,258,588,647,2024-03-20,True
259,259,814,530,2024-08-24,False
260,260,854,954,2024-07-09,True
261,261,678,891,2024-03-09,True
262,262,304,595,2024-05-02,True
263,263,917,753,2024-06-05,False
264,264,693,502,2024-06-05,True
265,265,200,60,2023-11-05,True
266,266,1210,383,2023-11-08,True
267,267,123,967,2023-12-01,False
268,268,70,647,2024-04-09,True
269,269,45,530,2024-06-29,False
270,270,1015,954,2024-04-12,False
271,271,570,891,2024-02-16,False
272,272,426,595,2024-02-06,False
273,273,345,753,2024-07-31,True
274,274,1268,502,2024-01-31,True
275,275,1003,60,2024-01-23,False
276,276,381,383,2024-04-13,True
277,277,1298,967,2024-06-19,True
278,278,1183,647,2024-05-17,True
279,279,313,530,2024-01-25,True
280,280,1412,954,2023-09-22,True
281,281,1191,891,2024-06-23,False
282,282,980,595,2024-08-14,False
283,283,1411,753,2024-04-06,True
284,284,308,502,2023-11-24,True
285,285,1208,60,2024-01-17,False
286,286,270,383,2024-07-26,False
287,287,1217,967,2024-07-07,False
288,288,965,647,2024-01-18,False
289,289,870,530,2024-06-14,True
290,290,1464,954,2024-01-22,False
291,291,1233,954,2024-08-08,False
292,292,1153,891,2024-08-11,False
293,293,728,954,2024-07-19,False
294,294,1152,891,2024-06-16,False
295,295,720,595,2023-10-30,True
296,296,166,753,2023-10-17,False
297,297,266,502,2024-05-27,True
298,298,884,60,2024-01-19,False
299,299,905,383,2023-09-03,False
300,300,687,967,2024-02-29,True
301,301,248,647,2023-12-22,False
302,302,480,530,2023-11-11,True
303,303,1493,954,2024-05-09,False
304,304,1030,891,2024-04-07,False
305,305,927,595,2024-03-02,True
306,306,427,753,2024-03-10,True
307,307,560,502,2024-02-07,True
308,308,439,60,2024-03-15,False
309,309,1475,383,2024-07-03,False
310,310,1109,967,2023-12-23,False
311,311,884,647,2024-01-15,True
312,312,164,530,2024-02-27,False
313,313,464,954,2024-03-14,True
314,314,1342,891,2023-09-03,False
315,315,999,595,2023-10-22,True
316,316,970,753,2024-03-17,True
317,317,801,502,2024-02-14,False
318,318,221,60,2024-02-08,False
319,319,318,383,2024-06-06,False
320,320,1316,967,2024-07-12,True
321,321,1296,647,2024-07-05,True
322,322,649,530,2024-07-26,False
323,323,1445,954,2023-12-24,False
324,324,837,891,2024-05-21,False
325,325,153,595,2023-09-11,True
326,326,503,753,2024-06-11,False
327,327,1188,502,2024-06-14,True
328,328,1420,60,2023-12-09,True
329,329,15,383,2024-06-20,False
330,330,52,967,2024-07-17,False
331,331,1435,647,2024-07-28,False
332,332,1197,530,2024-08-03,True
333,333,387,954,2024-04-16,False
334,334,632,891,2024-01-19,True
335,335,460,595,2023-12-27,True
336,336,292,753,2024-03-16,False
337,337,260,502,2024-02-12,True
338,338,13,60,2023-12-13,False
339,339,1298,383,2023-12-02,True
340,340,177,967,2024-02-18,False
341,341,1100,647,2024-05-12,False
342,342,995,530,2024-07-27,True
343,343,419,954,2023-11-19,False
344,344,345,891,2024-03-01,True
345,345,1106,595,2023-09-16,True
346,346,226,753,2023-10-26,True
347,347,36,502,2023-11-12,True
348,348,702,60,2024-01-27,True
349,349,321,383,2024-06-09,True
350,350,140,967,2024-03-28,True
351,351,431,647,2024-05-03,True
352,352,152,530,2024-07-23,False
353,353,90,954,2024-01-17,False
354,354,1324,891,2024-01-18,False
355,355,1101,595,2023-08-28,True
356,356,1276,753,2023-10-15,False
357,357,398,502,2024-03-20,False
358,358,1311,60,2023-11-06,True
359,359,26,383,2024-07-29,True
360,360,970,967,2024-07-21,True
361,361,1147,647,2024-01-10,False
362,362,1302,530,2023-09-29,False
363,363,1423,954,2024-07-14,True
364,364,136,954,2023-09-27,False
365,365,1071,891,2024-01-07,True
366,366,680,954,2023-11-10,True
367,367,35,891,2023-09-08,True
368,368,369,595,2024-07-03,True
369,369,932,753,2024-05-27,False
370,370,450,502,2024-04-02,True
371,371,864,60,2023-08-27,True
372,372,261,383,2024-08-23,False
373,373,311,967,2024-03-29,False
374,374,84,647,2024-05-20,True
375,375,900,530,2024-05-11,True
376,376,1057,954,2024-05-17,False
377,377,1363,891,2024-03-29,False
378,378,265,595,2024-07-06,False
379,379,480,753,2024-02-08,True
380,380,742,502,2024-05-02,False
381,381,777,60,2024-03-08,True
382,382,869,383,2024-03-03,False
383,383,948,967,2024-08-24,False
384,384,756,647,2024-05-07,False
385,385,1063,530,2023-10-10,True
386,386,1485,954,2024-04-26,True
387,387,1463,891,2024-06-13,True
388,388,269,595,2024-03-05,True
389,389,1437,753,2023-10-30,False
390,390,1274,502,2024-04-26,False
391,391,1361,60,2024-08-25,True
392,392,556,383,2024-06-03,False
393,393,1111,967,2023-11-27,True
394,394,606,647,2023-12-05,True
395,395,421,530,2024-03-04,True
396,396,1123,954,2024-06-22,True
397,397,1096,891,2024-05-19,False
398,398,308,595,2024-07-08,True
399,399,63,753,2024-08-05,False
400,400,964,502,2024-07-14,True
401,401,1373,60,2023-10-29,True
402,402,652,383,2023-08-31,True
403,403,983,967,2024-04-29,False
404,404,1499,647,2023-10-28,True
405,405,282,530,2023-12-03,True
406,406,1181,954,2024-01-17,False
407,407,328,891,2024-02-18,False
408,408,54,595,2023-11-30,False
409,409,4,753,2024-06-26,False
410,410,1371,502,2024-06-25,True
411,411,997,60,2024-07-15,True
412,412,1254,383,2024-07-09,False
413,413,1440,967,2024-05-28,True
414,414,122,647,2024-01-21,True
415,415,183,530,2024-08-09,False
416,416,463,954,2024-05-05,True
417,417,947,891,2024-05-22,False
418,418,578,595,2024-07-23,False
419,419,657,753,2024-04-25,False
420,420,815,502,2024-01-15,True
421,421,297,60,2024-08-09,False
422,422,1249,383,2023-10-18,True
423,423,1383,967,2024-02-28,False
424,424,661,647,2024-06-10,False
425,425,909,530,2023-08-27,False
426,426,777,954,2023-11-18,False
427,427,1348,891,2024-07-07,False
428,428,91,595,2024-02-13,True
429,429,940,753,2024-06-20,True
430,430,226,502,2024-06-11,True
431,431,1270,60,2024-05-15,True
432,432,203,383,2024-01-29,False
433,433,567,967,2024-08-23,True
434,434,1212,647,2024-03-17,False
435,435,728,530,2023-11-19,True
436,436,119,954,2024-05-06,False
437,437,1373,954,2024-07-26,True
438,438,47,891,2024-01-18,True
439,439,428,954,2023-09-12,True
440,440,222,891,2024-02-08,True
441,441,1244,595,2024-05-11,False
442,442,108,753,2024-01-14,True
443,443,1277,502,2024-01-04,False
444,444,1178,60,2024-04-30,True
445,445,693,383,2023-09-20,True
446,446,1391,967,2024-03-19,True
447,447,750,647,2024-04-27,False
448,448,923,530,2024-01-31,True
449,449,77,954,2023-10-03,True
450,450,737,891,2023-12-26,False
451,451,559,595,2024-08-25,False
452,452,74,753,2023-09-08,False
453,453,222,502,2023-08-28,False
454,454,1325,60,2024-03-19,False
455,455,147,383,2023-11-03,False
456,456,960,967,2024-05-12,False
457,457,352,647,2023-09-04,False
458,458,1358,530,2024-07-05,False
459,459,472,954,2024-03-08,True
460,460,106,891,2023-12-07,False
461,461,137,595,2024-06-03,True
462,462,1500,753,2024-04-25,True
463,463,961,502,2024-04-19,False
464,464,207,60,2024-05-08,True
465,465,1193,383,2023-12-03,False
466,466,1044,967,2024-07-03,True
467,467,275,647,2024-06-04,True
468,468,532,530,2024-02-23,False
469,469,720,954,2023-11-15,True
470,470,791,891,2024-02-09,True
471,471,793,595,2024-01-17,True
472,472,899,753,2023-09-08,True
473,473,1470,502,2024-01-28,False
474,474,1022,60,2024-01-11,False
475,475,914,383,2023-12-12,False
476,476,45,967,2024-02-18,False
477,477,711,647,2023-10-20,False
478,478,1378,530,2023-11-19,False
479,479,886,954,2024-06-10,False
480,480,1263,891,2023-11-25,False
481,481,872,595,2024-06-20,False
482,482,1429,753,2024-03-08,False
483,483,630,502,2024-06-21,True
484,484,1340,60,2023-09-20,False
485,485,336,383,2023-12-24,False
486,486,818,967,2024-05-21,True
487,487,550,647,2024-05-02,True
488,488,1402,530,2024-04-02,False
489,489,139,954,2024-03-29,False
490,490,1358,891,2023-12-07,False
491,491,1178,595,2023-09-14,True
492,492,1205,753,2023-10-20,False
493,493,1411,502,2024-03-19,False
494,494,1447,60,2023-11-29,True
495,495,511,383,2024-05-24,True
496,496,265,967,2024-04-29,False
497,497,1347,647,2024-01-02,False
498,498,114,530,2024-08-23,True
499,499,1175,954,2024-08-12,False
500,500,418,891,2024-03-27,False
501,501,593,595,2023-09-08,False
502,502,1340,753,2023-11-21,False
503,503,1399,502,2024-01-27,True
504,504,70,60,2024-06-23,True
505,505,972,383,2024-05-15,False
506,506,478,967,2023-11-07,True
507,507,665,647,2024-08-03,True
508,508,260,530,2024-05-26,False
509,509,243,954,2023-12-08,True
510,510,1401,954,2024-04-16,False
511,511,366,891,2024-08-05,False
512,512,293,954,2024-07-06,False
513,513,326,891,2024-05-06,False
514,514,1295,595,2024-07-25,False
515,515,334,753,2023-11-12,False
516,516,1307,502,2023-11-01,False
517,517,742,60,2024-03-22,True
518,518,1459,383,2024-02-21,True
519,519,336,967,2023-09-14,True
520,520,361,647,2023-11-06,False
521,521,265,530,2023-11-19,True
522,522,862,954,2024-03-07,False
523,523,309,891,2023-12-23,False
524,524,1445,595,2024-02-15,True
525,525,1478,753,2023-12-05,True
526,526,1356,502,2023-09-29,True
527,527,1304,60,2023-10-18,False
528,528,271,383,2023-10-01,True
529,529,55,967,2023-09-14,False
530,530,233,647,2024-03-15,True
531,531,633,530,2023-09-13,False
532,532,158,954,2024-01-30,False
533,533,493,891,2024-07-27,True
534,534,408,595,2024-08-03,True
535,535,388,753,2024-04-30,True
536,536,1348,502,2023-10-15,False
537,537,736,60,2023-09-09,True
538,538,1317,383,2024-06-13,True
539,539,119,967,2023-09-07,True
540,540,21,647,2024-02-24,True
541,541,272,530,2024-02-02,True
542,542,783,954,2024-04-16,True
543,543,230,891,2023-09-28,False
544,544,650,595,2024-05-30,False
545,545,477,753,2023-12-19,True
546,546,180,502,2023-11-06,False
547,547,561,60,2024-08-20,False
548,548,792,383,2024-04-09,True
549,549,610,967,2024-04-12,False
550,550,1479,647,2024-07-11,False
551,551,802,530,2023-10-27,False
552,552,1158,954,2024-02-26,False
553,553,438,891,2023-12-24,True
554,554,25,595,2024-06-20,False
555,555,1137,753,2023-12-08,True
556,556,1372,502,2024-07-11,True
557,557,224,60,2023-12-30,True
558,558,329,383,2024-01-14,True
559,559,852,967,2024-07-18,True
560,560,710,647,2024-05-26,True
561,561,159,530,2024-06-08,True
562,562,986,954,2024-08-17,True
563,563,275,891,2024-03-03,False
564,564,58,595,2024-02-07,False
565,565,515,753,2024-07-02,False
566,566,1326,502,2024-08-22,False
567,567,542,60,2023-12-04,True
568,568,42,383,2023-10-12,True
569,569,732,967,2023-08-31,False
570,570,363,647,2024-08-04,True
571,571,1100,530,2024-08-04,False
572,572,492,954,2024-08-04,False
573,573,1192,891,2024-05-07,False
574,574,141,595,2023-08-30,False
575,575,357,753,2023-10-01,True
576,576,1012,502,2024-01-30,True
577,577,50,60,2023-10-23,False
578,578,1367,383,2023-11-01,True
579,579,1124,967,2023-11-18,False
580,580,900,647,2024-08-09,True
581,581,301,530,2023-08-27,True
582,582,297,954,2023-11-22,False
583,583,1405,954,2024-07-10,False
584,584,1003,891,2024-07-30,True
585,585,1375,954,2023-10-17,True
586,586,951,891,2024-03-01,False
587,587,92,595,2024-07-05,False
588,588,1193,753,2023-12-17,False
589,589,13,502,2023-09-07,True
590,590,671,60,2024-05-14,True
591,591,376,383,2024-02-12,True
592,592,1198,967,2024-08-01,True
593,593,122,647,2024-01-11,False
594,594,148,530,2024-07-12,True
595,595,678,954,2024-02-11,True
596,596,450,891,2024-01-21,True
597,597,809,595,2024-04-03,True
598,598,193,753,2023-10-15,False
599,599,1477,502,2024-03-24,False
600,600,68,60,2024-05-05,False
601,601,521,383,2024-04-25,False
602,602,216,967,2024-08-16,False
603,603,602,647,2023-10-13,True
604,604,1469,530,2024-01-31,False
605,605,1255,954,2024-03-28,False
606,606,1472,891,2024-01-22,True
607,607,714,595,2023-12-19,True
608,608,154,753,2024-05-08,True
609,609,901,502,2024-04-17,True
610,610,1004,60,2024-07-23,False
611,611,240,383,2024-02-25,True
612,612,1256,967,2023-11-24,False
613,613,1202,647,2024-06-30,False
614,614,313,530,2024-01-10,True
615,615,1130,954,2023-11-13,True
616,616,651,891,2023-12-22,True
617,617,245,595,2024-02-26,False
618,618,240,753,2024-08-18,False
619,619,464,502,2024-03-10,True
620,620,516,60,2024-08-02,True
621,621,835,383,2024-03-31,False
622,622,1054,967,2024-02-14,True
623,623,1340,647,2023-11-22,False
624,624,573,530,2024-02-25,False
625,625,1290,954,2023-10-27,True
626,626,788,891,2024-01-09,False
627,627,1458,595,2023-10-17,True
628,628,604,753,2024-07-02,True
629,629,1290,502,2023-10-05,False
630,630,654,60,2024-08-24,False
631,631,1057,383,2023-10-25,True
632,632,1214,967,2024-06-30,True
633,633,1140,647,2024-01-18,False
634,634,33,530,2023-10-19,False
635,635,1468,954,2024-07-27,True
636,636,1388,891,2024-02-14,False
637,637,500,595,2024-06-02,True
638,638,34,753,2024-07-22,True
639,639,1470,502,2024-06-10,False
640,640,462,60,2023-10-02,True
641,641,1279,383,2024-06-20,False
642,642,1203,967,2024-01-03,False
643,643,991,647,2024-06-13,True
644,644,1412,530,2024-08-02,True
645,645,1089,954,2024-04-09,False
646,646,1263,891,2024-06-28,True
647,647,795,595,2023-09-05,True
648,648,501,753,2024-01-28,True
649,649,1040,502,2023-12-05,True
650,650,1069,60,2024-05-04,True
651,651,1019,383,2024-02-10,False
652,652,1453,967,2023-12-29,False
653,653,1051,647,2024-03-20,True
654,654,748,530,2024-02-07,False
655,655,502,954,2024-04-27,False
656,656,796,954,2024-04-20,False
657,657,380,891,2023-10-17,True
658,658,671,954,2023-10-24,False
659,659,711,891,2024-06-25,True
660,660,569,595,2024-03-26,True
661,661,367,753,2024-06-19,False
662,662,1170,502,2023-12-09,False
663,663,485,60,2024-03-22,True
664,664,1392,383,2023-10-15,False
665,665,1190,967,2024-05-28,False
666,666,1485,647,2023-12-21,False
667,667,963,530,2023-10-20,True
668,668,1166,954,2024-05-18,False
669,669,394,891,2024-02-20,False
670,670,709,595,2023-08-28,False
671,671,599,753,2024-08-21,False
672,672,312,502,2024-07-02,True
673,673,649,60,2024-05-05,False
674,674,332,383,2024-05-24,False
675,675,44,967,2024-06-23,False
676,676,1033,647,2024-02-13,True
677,677,218,530,2024-03-17,True
678,678,881,954,2024-06-20,False
679,679,529,891,2024-03-23,False
680,680,1321,595,2024-01-21,True
681,681,373,753,2024-04-22,True
682,682,1384,502,2023-11-19,True
683,683,1211,60,2024-06-24,True
684,684,122,383,2024-04-06,False
685,685,1013,967,2024-01-22,False
686,686,125,647,2024-06-13,False
687,687,636,530,2024-07-23,True
688,688,610,954,2024-01-05,True
689,689,794,891,2023-09-02,True
690,690,559,595,2023-12-16,False
691,691,638,753,2023-11-17,False
692,692,1147,502,2023-08-29,False
693,693,87,60,2023-12-31,True
694,694,1271,383,2024-02-28,False
695,695,890,967,2024-07-27,True
696,696,526,647,2024-03-02,True
697,697,1233,530,2023-11-28,False
698,698,27,954,2024-06-07,True
699,699,127,891,2024-01-12,False
700,700,1404,595,2023-09-29,False
701,701,458,753,2024-04-07,False
702,702,882,502,2024-01-20,True
703,703,1303,60,2023-09-03,False
704,704,337,383,2024-04-22,False
705,705,261,967,2023-10-21,False
706,706,931,647,2023-10-06,True
707,707,704,530,2024-08-02,True
708,708,436,954,2023-10-04,True
709,709,1409,891,2023-09-03,True
710,710,1455,595,2023-11-18,True
711,711,552,753,2023-10-05,True
712,712,656,502,2024-05-20,False
713,713,966,60,2024-06-18,False
714,714,1063,383,2024-01-16,True
715,715,391,967,2024-04-19,True
716,716,226,647,2023-12-27,False
717,717,769,530,2023-10-23,False
718,718,1088,954,2024-02-13,True
719,719,1346,891,2024-03-08,True
720,720,831,595,2023-11-13,False
721,721,684,753,2024-07-01,False
722,722,855,502,2024-04-16,True
723,723,310,60,2023-12-15,True
724,724,870,383,2024-02-09,False
725,725,1135,967,2024-07-06,False
726,726,1466,647,2024-05-03,False
727,727,956,530,2024-01-21,True
728,728,923,954,2024-08-06,True
729,729,827,954,2024-08-21,False
730,730,1398,891,2024-01-02,False
731,731,682,954,2024-08-05,True
732,732,1244,891,2024-03-11,False
733,733,410,595,2023-10-05,False
734,734,1429,753,2024-05-27,True
735,735,1218,502,2023-11-16,False
736,736,308,60,2024-06-09,False
737,737,158,383,2023-11-06,True
738,738,327,967,2024-02-26,False
739,739,1271,647,2023-11-12,False
740,740,1079,530,2024-05-29,False
741,741,1439,954,2024-05-26,True
742,742,418,891,2024-01-28,True
743,743,509,595,2024-03-21,True
744,744,537,753,2023-10-18,True
745,745,1430,502,2024-06-11,True
746,746,770,60,2024-05-13,True
747,747,1216,383,2024-02-16,False
748,748,63,967,2024-04-04,True
749,749,1136,647,2024-03-25,False
750,750,1178,530,2023-09-02,True
751,751,761,954,2024-07-09,True
752,752,1219,891,2024-02-28,False
753,753,1315,595,2024-03-23,False
754,754,84,753,2023-10-16,True
755,755,199,502,2024-03-27,False
756,756,696,60,2023-10-30,False
757,757,528,383,2024-06-25,True
758,758,579,967,2024-01-15,True
759,759,285,647,2024-02-25,True
760,760,748,530,2024-05-02,True
761,761,1441,954,2024-02-08,False
762,762,367,891,2024-02-11,True
763,763,380,595,2024-08-08,False
764,764,1481,753,2023-11-12,False
765,765,172,502,2024-04-20,False
766,766,195,60,2024-02-01,False
767,767,1028,383,2024-06-22,True
768,768,1361,967,2024-04-26,True
769,769,112,647,2024-05-12,True
770,770,1126,530,2024-01-13,True
771,771,1445,954,2024-02-25,True
772,772,383,891,2024-05-12,True
773,773,613,595,2023-12-11,True
774,774,409,753,2024-05-11,True
775,775,1202,502,2023-10-31,False
776,776,306,60,2023-11-25,True
777,777,858,383,2024-08-15,True
778,778,60,967,2023-09-10,False
779,779,766,647,2024-08-06,False
780,780,750,530,2024-08-01,False
781,781,1424,954,2024-01-05,True
782,782,529,891,2023-11-22,True
783,783,367,595,2023-09-20,False
784,784,233,753,2024-08-08,False
785,785,99,502,2024-07-01,False
786,786,267,60,2024-07-15,True
787,787,417,383,2023-09-20,True
788,788,750,967,2024-02-18,False
789,789,1094,647,2023-09-15,False
790,790,802,530,2024-05-16,False
791,791,553,954,2023-11-02,False
792,792,869,891,2024-03-11,False
793,793,1406,595,2024-05-08,False
794,794,999,753,2024-05-22,False
795,795,983,502,2024-02-13,False
796,796,1073,60,2024-07-30,True
797,797,527,383,2023-12-15,False
798,798,1221,967,2023-11-04,False
799,799,1487,647,2024-06-12,False
800,800,1445,530,2023-09-17,False
801,801,404,954,2023-10-18,True
802,802,809,954,2024-05-02,False
803,803,492,891,2024-07-11,False
804,804,1041,954,2024-04-18,False
805,805,1443,891,2023-09-04,True
806,806,785,595,2024-08-23,False
807,807,1084,753,2024-07-21,True
808,808,1389,502,2023-09-14,False
809,809,378,60,2024-03-03,False
810,810,119,383,2024-02-27,False
811,811,689,967,2023-10-04,True
812,812,91,647,2023-12-07,True
813,813,1447,530,2023-11-21,False
814,814,505,954,2024-01-16,False
815,815,733,891,2024-02-09,False
816,816,266,595,2024-05-24,True
817,817,204,753,2024-01-02,True
818,818,524,502,2024-02-12,True
819,819,1177,60,2023-12-31,False
820,820,670,383,2023-12-15,False
821,821,1307,967,2023-09-29,True
822,822,1070,647,2024-06-13,True
823,823,757,530,2024-01-08,True
824,824,1438,954,2024-04-26,True
825,825,1139,891,2023-12-31,False
826,826,1431,595,2024-07-10,False
827,827,1120,753,2024-05-14,True
828,828,1411,502,2024-01-26,False
829,829,509,60,2024-06-13,True
830,830,795,383,2024-04-24,True
831,831,198,967,2023-12-02,False
832,832,992,647,2024-02-08,True
833,833,557,530,2024-08-10,True
834,834,766,954,2024-04-01,True
835,835,1078,891,2024-06-16,True
836,836,227,595,2023-10-19,False
837,837,1289,753,2024-04-13,True
838,838,1492,502,2024-04-05,False
839,839,1059,60,2024-02-19,True
840,840,500,383,2023-12-11,False
841,841,1170,967,2023-09-02,False
842,842,105,647,2024-07-09,True
843,843,767,530,2024-08-04,False
844,844,477,954,2023-09-20,True
845,845,1097,891,2024-07-20,True
846,846,938,595,2023-10-30,True
847,847,244,753,2023-12-04,True
848,848,1273,502,2024-05-10,False
849,849,808,60,2024-03-22,True
850,850,1365,383,2023-10-17,False
851,851,1443,967,2024-03-26,True
852,852,1128,647,2023-12-14,True
853,853,226,530,2024-02-06,False
854,854,490,954,2023-12-10,False
855,855,935,891,2024-08-09,False
856,856,606,595,2023-12-01,True
857,857,517,753,2024-07-17,True
858,858,86,502,2024-08-09,False
859,859,12,60,2023-11-01,True
860,860,703,383,2023-09-13,False
861,861,1290,967,2024-04-01,False
862,862,373,647,2024-01-23,True
863,863,33,530,2023-09-26,False
864,864,119,954,2024-05-09,False
865,865,944,891,2024-06-20,True
866,866,211,595,2024-02-06,False
867,867,850,753,2023-11-04,False
868,868,623,502,2024-07-12,True
869,869,338,60,2024-04-20,False
870,870,1144,383,2024-04-14,True
871,871,780,967,2023-09-06,True
872,872,972,647,2023-09-30,True
873,873,581,530,2023-11-18,False
874,874,154,954,2023-10-05,True
875,875,203,954,2024-08-19,False
876,876,798,891,2024-08-02,False
877,877,699,954,2024-05-29,True
878,878,1247,891,2024-01-06,False
879,879,987,595,2024-03-30,True
880,880,1313,753,2024-08-25,True
881,881,1419,502,2023-09-26,False
882,882,1480,60,2024-01-22,False
883,883,1172,383,2024-02-02,True
884,884,1486,967,2023-09-02,False
885,885,397,647,2023-10-23,False
886,886,2,530,2023-10-08,False
887,887,853,954,2024-04-16,True
888,888,1472,891,2024-06-05,True
889,889,132,595,2023-09-02,True
890,890,73,753,2024-02-23,True
891,891,630,502,2023-09-05,False
892,892,1320,60,2024-05-07,True
893,893,45,383,2023-09-07,True
894,894,421,967,2024-04-05,False
895,895,164,647,2024-01-04,False
896,896,853,530,2023-09-06,True
897,897,836,954,2024-06-25,True
898,898,1227,891,2024-04-25,True
899,899,733,595,2023-09-30,False
900,900,91,753,2023-10-07,True
901,901,307,502,2023-09-25,True
902,902,1329,60,2023-12-22,False
903,903,135,383,2024-07-02,True
904,904,689,967,2024-01-24,False
905,905,296,647,2023-12-15,True
906,906,378,530,2024-04-26,False
907,907,421,954,2024-04-26,True
908,908,772,891,2024-01-04,True
909,909,266,595,2024-01-22,True
910,910,430,753,2024-08-24,False
911,911,1380,502,2024-06-14,False
912,912,1238,60,2023-12-14,True
913,913,1189,383,2024-03-26,True
914,914,1001,967,2024-01-16,False
915,915,1272,647,2023-12-14,True
916,916,1202,530,2023-09-17,False
917,917,62,954,2024-05-22,False
918,918,1143,891,2024-04-08,True
919,919,1285,595,2023-12-29,True
920,920,300,753,2024-01-02,False
921,921,532,502,2024-05-26,True
922,922,1393,60,2024-02-10,False
923,923,1432,383,2024-02-12,True
924,924,254,967,2024-06-15,True
925,925,616,647,2023-11-10,True
926,926,568,530,2023-12-25,True
927,927,1046,954,2024-02-09,False
928,928,976,891,2023-11-05,True
929,929,370,595,2024-03-22,True
930,930,612,753,2024-08-15,True
931,931,114,502,2024-02-21,True
932,932,960,60,2023-10-30,False
933,933,67,383,2023-12-21,True
934,934,658,967,2023-09-27,True
935,935,369,647,2023-11-15,False
936,936,261,530,2024-04-29,False
937,937,971,954,2023-09-21,True
938,938,1008,891,2024-08-08,False
939,939,1071,595,2024-07-26,True
940,940,366,753,2024-01-13,False
941,941,1097,502,2023-11-04,True
942,942,144,60,2024-04-16,False
943,943,83,383,2024-01-26,True
944,944,376,967,2024-06-15,True
945,945,727,647,2023-10-01,True
946,946,817,530,2024-05-01,False
947,947,330,954,2023-08-30,True
948,948,593,954,2024-08-05,False
949,949,1139,891,2024-07-01,False
950,950,577,954,2024-01-17,False
951,951,259,891,2024-04-05,False
952,952,1230,595,2023-09-25,False
953,953,1075,753,2024-03-03,False
954,954,998,502,2024-03-11,False
955,955,338,60,2024-07-25,True
956,956,1112,383,2024-02-25,False
957,957,1101,967,2024-08-24,True
958,958,1321,647,2023-10-15,False
959,959,1044,530,2024-08-18,False
960,960,610,954,2024-08-06,False
961,961,866,891,2023-10-30,True
962,962,1175,595,2024-07-27,True
963,963,964,753,2024-08-01,True
964,964,492,502,2024-06-30,True
965,965,427,60,2023-10-19,False
966,966,1066,383,2024-07-04,True
967,967,874,967,2023-09-06,True
968,968,521,647,2023-09-26,False
969,969,969,530,2024-01-04,False
970,970,998,954,2024-06-29,False
971,971,560,891,2024-06-04,False
972,972,96,595,2024-03-01,True
973,973,828,753,2023-11-17,False
974,974,697,502,2023-09-12,True
975,975,69,60,2024-01-23,True
976,976,1176,383,2024-01-27,True
977,977,267,967,2023-11-20,True
978,978,1348,647,2024-05-16,True
979,979,1232,530,2023-12-27,True
980,980,680,954,2024-07-13,False
981,981,717,891,2023-11-12,False
982,982,1050,595,2024-01-17,True
983,983,643,753,2024-06-20,False
984,984,532,502,2023-10-15,True
985,985,1335,60,2023-09-07,True
986,986,681,383,2024-06-26,True
987,987,850,967,2024-02-07,False
988,988,491,647,2024-05-16,False
989,989,724,530,2023-11-06,True
990,990,1330,954,2023-10-10,True
991,991,132,891,2024-01-16,True
992,992,1133,595,2024-07-28,True
993,993,823,753,2024-01-25,False
994,994,342,502,2023-10-11,True
995,995,764,60,2024-04-23,True
996,996,653,383,2023-12-01,True
997,997,1191,967,2024-06-08,True
998,998,456,647,2024-02-21,False
999,999,180,530,2024-06-12,False
1000,1000,1283,954,2024-07-08,False
1001,1001,1338,891,2023-11-07,False
1002,1002,1132,595,2024-06-19,False
1003,1003,898,753,2024-02-19,False
1004,1004,426,502,2024-03-23,False
1005,1005,899,60,2023-10-08,True
1006,1006,1139,383,2023-08-27,False
1007,1007,1182,967,2024-04-09,False
1008,1008,29,647,2024-06-14,True
1009,1009,383,530,2024-08-11,False
1010,1010,863,954,2024-07-15,True
1011,1011,302,891,2024-07-13,False
1012,1012,1337,595,2024-03-27,False
1013,1013,387,753,2024-02-07,False
1014,1014,1197,502,2024-04-21,False
1015,1015,440,60,2024-05-29,True
1016,1016,678,383,2024-07-15,False
1017,1017,1165,967,2023-11-26,False
1018,1018,131,647,2024-03-21,True
1019,1019,1459,530,2023-09-26,True
1020,1020,872,954,2024-01-15,False
1021,1021,129,954,2024-05-03,False
1022,1022,1274,891,2024-01-21,False
1023,1023,1057,954,2023-09-13,False
1024,1024,1392,891,2023-12-02,True
1025,1025,1155,595,2024-02-02,False
1026,1026,1425,753,2023-10-20,True
1027,1027,1054,502,2024-08-16,False
1028,1028,89,60,2023-10-18,False
1029,1029,836,383,2024-07-06,False
1030,1030,1152,967,2024-04-07,False
1031,1031,1290,647,2024-05-01,True
1032,1032,474,530,2024-03-28,False
1033,1033,1329,954,2024-07-14,True
1034,1034,107,891,2023-11-19,False
1035,1035,661,595,2023-10-17,True
1036,1036,1011,753,2023-09-04,False
1037,1037,406,502,2024-05-23,True
1038,1038,281,60,2024-02-02,False
1039,1039,1361,383,2024-01-27,True
1040,1040,1269,967,2024-07-28,True
1041,1041,661,647,2023-12-25,True
1042,1042,1040,530,2024-07-06,False
1043,1043,1285,954,2024-06-16,True
1044,1044,64,891,2023-09-10,True
1045,1045,445,595,2023-09-16,True
1046,1046,1380,753,2023-10-22,False
1047,1047,687,502,2024-03-05,False
1048,1048,613,60,2024-07-07,True
1049,1049,90,383,2023-11-11,True
1050,1050,1417,967,2024-05-15,True
1051,1051,791,647,2023-09-10,False
1052,1052,1095,530,2024-05-03,True
1053,1053,122,954,2024-04-23,True
1054,1054,1001,891,2023-09-17,False
1055,1055,1496,595,2024-08-06,False
1056,1056,558,753,2024-07-13,True
1057,1057,1204,502,2023-11-19,True
1058,1058,517,60,2024-06-30,False
1059,1059,1288,383,2024-06-29,True
1060,1060,1366,967,2024-05-02,True
1061,1061,872,647,2024-01-15,False
1062,1062,227,530,2024-07-18,True
1063,1063,918,954,2023-12-18,True
1064,1064,752,891,2023-12-12,True
1065,1065,834,595,2023-12-04,False
1066,1066,1350,753,2023-11-03,False
1067,1067,1294,502,2024-07-23,True
1068,1068,59,60,2024-07-07,True
1069,1069,1348,383,2024-05-11,False
1070,1070,633,967,2024-07-25,True
1071,1071,395,647,2023-10-10,False
1072,1072,810,530,2024-01-31,True
1073,1073,736,954,2024-04-26,True
1074,1074,828,891,2023-08-30,False
1075,1075,895,595,2024-03-21,True
1076,1076,1411,753,2024-04-09,True
1077,1077,324,502,2024-07-18,False
1078,1078,984,60,2024-07-16,False
1079,1079,529,383,2024-05-16,False
1080,1080,1326,967,2024-03-19,True
1081,1081,109,647,2024-01-09,True
1082,1082,1259,530,2023-11-08,False
1083,1083,769,954,2024-03-17,True
1084,1084,1373,891,2024-02-13,True
1085,1085,443,595,2024-08-22,True
1086,1086,1378,753,2023-10-16,False
1087,1087,1143,502,2023-09-28,True
1088,1088,1096,60,2024-06-05,True
1089,1089,776,383,2023-10-06,False
1090,1090,671,967,2024-08-10,True
1091,1091,1185,647,2024-02-13,False
1092,1092,97,530,2023-10-30,True
1093,1093,666,954,2024-06-15,False
1094,1094,600,954,2024-05-16,False
1095,1095,1258,891,2023-12-14,True
1096,1096,458,954,2024-05-26,True
1097,1097,1467,891,2024-03-12,True
1098,1098,1321,595,2023-09-26,False
1099,1099,1205,753,2024-07-16,True
1100,1100,370,502,2024-08-26,False
1101,1101,141,60,2024-05-10,False
1102,1102,1003,383,2024-05-03,False
1103,1103,1132,967,2024-03-23,False
1104,1104,143,647,2024-04-30,False
1105,1105,991,530,2024-01-24,True
1106,1106,48,954,2024-01-21,True
1107,1107,828,891,2023-09-23,True
1108,1108,1232,595,2023-12-22,False
1109,1109,802,753,2024-03-02,False
1110,1110,1397,502,2024-05-10,False
1111,1111,1421,60,2023-10-31,False
1112,1112,1279,383,2023-10-31,False
1113,1113,297,967,2023-09-08,False
1114,1114,1244,647,2024-01-11,True
1115,1115,746,530,2024-08-05,True
1116,1116,1368,954,2023-12-28,False
1117,1117,359,891,2024-06-15,True
1118,1118,1184,595,2023-12-30,True
1119,1119,1453,753,2024-07-26,True
1120,1120,434,502,2023-09-20,True
1121,1121,227,60,2024-08-20,True
1122,1122,424,383,2024-07-28,True
1123,1123,791,967,2023-11-02,True
1124,1124,362,647,2023-11-24,True
1125,1125,499,530,2024-07-28,False
1126,1126,1387,954,2023-12-20,True
1127,1127,917,891,2024-05-29,False
1128,1128,1043,595,2024-05-01,True
1129,1129,272,753,2023-11-01,True
1130,1130,845,502,2024-04-16,False
1131,1131,394,60,2024-04-06,True
1132,1132,1150,383,2024-03-21,True
1133,1133,925,967,2024-02-15,True
1134,1134,133,647,2023-10-10,False
1135,1135,216,530,2023-08-31,True
1136,1136,1065,954,2024-04-01,True
1137,1137,294,891,2024-06-28,False
1138,1138,60,595,2024-01-08,False
1139,1139,614,753,2024-04-27,False
1140,1140,151,502,2024-02-21,False
1141,1141,1052,60,2024-05-08,False
1142,1142,1366,383,2024-07-10,False
1143,1143,878,967,2023-09-07,False
1144,1144,693,647,2024-04-01,False
1145,1145,64,530,2024-05-23,False
1146,1146,381,954,2024-07-11,False
1147,1147,900,891,2024-04-03,False
1148,1148,357,595,2023-09-21,True
1149,1149,956,753,2024-01-04,False
1150,1150,550,502,2023-12-30,True
1151,1151,1382,60,2024-01-16,True
1152,1152,852,383,2023-11-28,False
1153,1153,1217,967,2024-04-02,True
1154,1154,929,647,2024-07-10,True
1155,1155,945,530,2024-08-19,False
1156,1156,643,954,2024-05-04,True
1157,1157,1034,891,2024-02-02,False
1158,1158,446,595,2024-01-10,False
1159,1159,552,753,2024-05-14,False
1160,1160,860,502,2024-03-08,False
1161,1161,218,60,2023-10-27,True
1162,1162,72,383,2024-07-05,True
1163,1163,949,967,2024-06-12,True
1164,1164,547,647,2023-12-31,True
1165,1165,218,530,2024-04-16,False
1166,1166,1022,954,2024-08-17,False
1167,1167,284,954,2024-07-30,True
1168,1168,597,891,2023-09-02,False
1169,1169,1327,954,2024-07-03,True
1170,1170,895,891,2024-07-31,False
1171,1171,938,595,2023-11-02,False
1172,1172,391,753,2023-11-06,True
1173,1173,920,502,2023-11-01,False
1174,1174,286,60,2023-09-15,False
1175,1175,944,383,2024-04-25,True
1176,1176,1193,967,2024-08-07,False
1177,1177,975,647,2024-06-27,True
1178,1178,478,530,2024-06-14,True
1179,1179,881,954,2024-02-28,False
1180,1180,1207,891,2024-07-19,True
1181,1181,1469,595,2024-06-22,True
1182,1182,653,753,2023-12-29,False
1183,1183,1071,502,2023-09-15,False
1184,1184,1387,60,2024-01-24,True
1185,1185,610,383,2024-01-19,False
1186,1186,943,967,2024-04-30,True
1187,1187,1058,647,2024-05-09,False
1188,1188,1258,530,2023-11-13,True
1189,1189,1019,954,2024-04-05,False
1190,1190,1076,891,2023-12-30,True
1191,1191,1084,595,2024-08-22,False
1192,1192,166,753,2024-04-23,True
1193,1193,1068,502,2024-02-17,True
1194,1194,123,60,2023-11-15,True
1195,1195,728,383,2024-01-21,True
1196,1196,1211,967,2024-06-06,True
1197,1197,1372,647,2024-08-16,True
1198,1198,441,530,2024-04-17,False
1199,1199,831,954,2023-12-19,True
1200,1200,936,891,2024-06-07,True
1201,1201,369,595,2024-02-16,False
1202,1202,1130,753,2024-03-07,False
1203,1203,1420,502,2023-12-18,True
1204,1204,965,60,2024-06-08,True
1205,1205,1368,383,2024-07-14,True
1206,1206,508,967,2024-07-07,False
1207,1207,78,647,2023-12-10,True
1208,1208,905,530,2024-03-24,True
1209,1209,967,954,2023-12-15,False
1210,1210,1032,891,2023-09-29,True
1211,1211,230,595,2023-09-29,False
1212,1212,1034,753,2024-04-29,True
1213,1213,1390,502,2024-06-01,True
1214,1214,1062,60,2023-12-23,True
1215,1215,374,383,2024-06-26,True
1216,1216,254,967,2024-01-05,False
1217,1217,160,647,2024-07-30,True
1218,1218,1136,530,2024-08-10,False
1219,1219,1110,954,2024-02-15,False
1220,1220,427,891,2024-01-13,True
1221,1221,978,595,2024-04-26,True
1222,1222,1223,753,2024-07-27,False
1223,1223,116,502,2024-08-01,True
1224,1224,287,60,2023-09-25,True
1225,1225,737,383,2023-10-23,True
1226,1226,504,967,2024-03-09,True
1227,1227,854,647,2024-07-30,True
1228,1228,1182,530,2024-07-12,True
1229,1229,1102,954,2023-12-06,True
1230,1230,499,891,2024-06-28,True
1231,1231,1335,595,2023-12-20,True
1232,1232,1031,753,2024-03-10,True
1233,1233,654,502,2024-01-24,False
1234,1234,476,60,2024-04-19,True
1235,1235,269,383,2024-03-04,True
1236,1236,910,967,2023-11-29,False
1237,1237,404,647,2024-07-22,False
1238,1238,54,530,2024-01-19,True
1239,1239,752,954,2023-11-26,True
1240,1240,38,954,2024-02-21,True
1241,1241,1399,891,2024-04-01,True
1242,1242,538,954,2023-11-26,False
1243,1243,641,891,2023-12-22,False
1244,1244,1228,595,2024-04-05,True
1245,1245,930,753,2024-06-24,False
1246,1246,1212,502,2024-07-31,True
1247,1247,227,60,2023-11-02,False
1248,1248,155,383,2024-02-28,True
1249,1249,343,967,2024-02-02,True
1250,1250,9,647,2024-02-02,False
1251,1251,315,530,2023-08-29,True
1252,1252,498,954,2024-05-22,True
1253,1253,1398,891,2024-02-16,False
1254,1254,1401,595,2024-01-01,True
1255,1255,590,753,2024-08-02,True
1256,1256,535,502,2024-05-22,False
1257,1257,1026,60,2024-07-25,True
1258,1258,397,383,2024-01-09,False
1259,1259,777,967,2024-01-24,True
1260,1260,1238,647,2024-06-17,True
1261,1261,1485,530,2024-06-07,False
1262,1262,707,954,2024-01-06,True
1263,1263,903,891,2023-10-15,True
1264,1264,462,595,2024-03-17,True
1265,1265,701,753,2024-02-08,True
1266,1266,1434,502,2024-07-11,False
1267,1267,549,60,2023-09-08,True
1268,1268,426,383,2024-06-30,True
1269,1269,1249,967,2024-08-04,True
1270,1270,1286,647,2024-02-03,False
1271,1271,1236,530,2024-03-15,True
1272,1272,444,954,2024-08-25,False
1273,1273,880,891,2024-06-21,False
1274,1274,448,595,2024-04-25,False
1275,1275,1092,753,2024-08-09,True
1276,1276,43,502,2023-10-31,False
1277,1277,951,60,2024-01-01,True
1278,1278,1013,383,2024-06-29,False
1279,1279,965,967,2023-10-25,False
1280,1280,481,647,2024-07-20,False
1281,1281,1265,530,2023-09-28,False
1282,1282,814,954,2023-12-29,True
1283,1283,132,891,2024-07-11,False
1284,1284,1328,595,2023-11-29,True
1285,1285,211,753,2024-03-06,True
1286,1286,817,502,2024-04-27,False
1287,1287,718,60,2024-06-23,True
1288,1288,301,383,2024-01-18,True
1289,1289,552,967,2024-08-21,True
1290,1290,430,647,2024-02-02,True
1291,1291,1374,530,2024-04-15,False
1292,1292,902,954,2024-06-15,True
1293,1293,534,891,2023-12-26,False
1294,1294,150,595,2024-04-19,False
1295,1295,741,753,2023-10-28,False
1296,1296,1469,502,2024-01-11,False
1297,1297,1334,60,2024-01-29,False
1298,1298,41,383,2024-02-23,False
1299,1299,1168,967,2024-04-25,True
1300,1300,1137,647,2024-05-18,False
1301,1301,48,530,2024-08-14,False
1302,1302,750,954,2023-11-19,True
1303,1303,820,891,2024-03-12,False
1304,1304,891,595,2024-08-04,False
1305,1305,376,753,2023-12-08,False
1306,1306,1170,502,2023-09-28,False
1307,1307,32,60,2024-03-25,True
1308,1308,708,383,2024-06-22,False
1309,1309,1393,967,2023-09-04,False
1310,1310,1361,647,2024-04-05,True
1311,1311,128,530,2024-08-15,True
1312,1312,734,954,2023-12-05,True
1313,1313,1019,954,2024-04-23,True
1314,1314,283,891,2024-02-08,True
1315,1315,997,954,2024-07-14,True
1316,1316,1457,891,2024-03-13,True
1317,1317,618,595,2024-05-03,False
1318,1318,573,753,2023-12-12,False
1319,1319,652,502,2024-05-24,False
1320,1320,351,60,2024-04-20,True
1321,1321,750,383,2023-11-13,False
1322,1322,83,967,2023-10-20,False
1323,1323,569,647,2024-07-23,False
1324,1324,192,530,2023-09-17,True
1325,1325,72,954,2024-06-03,True
1326,1326,1460,891,2023-12-30,False
1327,1327,318,595,2024-01-26,False
1328,1328,340,753,2024-06-29,False
1329,1329,69,502,2023-10-04,True
1330,1330,512,60,2024-05-04,True
1331,1331,1248,383,2023-10-17,False
1332,1332,332,967,2024-04-02,True
1333,1333,1105,647,2023-10-28,False
1334,1334,1411,530,2024-03-19,True
1335,1335,1086,954,2023-12-03,False
1336,1336,1107,891,2024-03-19,False
1337,1337,1307,595,2023-12-05,True
1338,1338,646,753,2024-02-23,False
1339,1339,413,502,2024-03-07,True
1340,1340,999,60,2024-06-12,False
1341,1341,1313,383,2024-02-23,True
1342,1342,859,967,2023-10-15,True
1343,1343,399,647,2024-07-07,False
1344,1344,1303,530,2024-02-25,False
1345,1345,1029,954,2023-09-08,True
1346,1346,173,891,2024-01-29,True
1347,1347,1058,595,2024-06-29,True
1348,1348,738,753,2024-01-23,True
1349,1349,1142,502,2024-04-17,False
1350,1350,404,60,2023-12-28,False
1351,1351,1380,383,2024-03-26,True
1352,1352,33,967,2023-10-06,True
1353,1353,83,647,2024-06-22,True
1354,1354,1172,530,2024-01-28,False
1355,1355,1274,954,2024-05-31,True
1356,1356,962,891,2024-04-22,False
1357,1357,942,595,2024-01-07,True
1358,1358,1220,753,2024-03-24,True
1359,1359,1096,502,2024-08-14,False
1360,1360,1027,60,2024-01-31,False
1361,1361,16,383,2024-05-26,True
1362,1362,1157,967,2024-07-05,True
1363,1363,624,647,2024-05-22,True
1364,1364,1472,530,2023-08-28,True
1365,1365,1157,954,2024-02-24,True
1366,1366,121,891,2024-04-25,True
1367,1367,1486,595,2024-07-02,True
1368,1368,1348,753,2024-07-25,True
1369,1369,270,502,2024-08-14,True
1370,1370,1443,60,2024-08-03,True
1371,1371,925,383,2024-08-02,False
1372,1372,1356,967,2023-12-04,False
1373,1373,257,647,2024-08-24,True
1374,1374,1394,530,2024-01-31,True
1375,1375,558,954,2023-09-06,True
1376,1376,1377,891,2024-08-05,False
1377,1377,586,595,2024-04-29,False
1378,1378,786,753,2023-12-04,False
1379,1379,711,502,2024-02-15,False
1380,1380,782,60,2023-09-04,False
1381,1381,1205,383,2024-05-12,False
1382,1382,1093,967,2024-03-04,True
1383,1383,2,647,2024-08-19,True
1384,1384,15,530,2023-10-07,True
1385,1385,376,954,2023-11-05,True
1386,1386,147,954,2023-10-20,True
1387,1387,249,891,2024-08-20,False
1388,1388,827,954,2024-01-07,True
1389,1389,896,891,2023-12-10,False
1390,1390,185,595,2023-08-31,False
1391,1391,464,753,2024-03-01,False
1392,1392,1320,502,2024-05-06,True
1393,1393,148,60,2024-02-01,True
1394,1394,305,383,2024-04-26,False
1395,1395,930,967,2024-07-06,True
1396,1396,469,647,2024-04-04,False
1397,1397,104,530,2024-06-14,True
1398,1398,378,954,2024-04-14,True
1399,1399,1294,891,2024-03-16,True
1400,1400,664,595,2024-05-26,True
1401,1401,487,753,2024-01-13,True
1402,1402,343,502,2024-08-14,False
1403,1403,937,60,2024-06-19,False
1404,1404,450,383,2024-08-01,False
1405,1405,571,967,2024-02-03,False
1406,1406,398,647,2024-01-21,False
1407,1407,750,530,2023-09-12,False
1408,1408,833,954,2023-09-27,True
1409,1409,91,891,2024-02-05,False
1410,1410,364,595,2024-08-19,False
1411,1411,887,753,2023-10-15,True
1412,1412,553,502,2023-10-18,False
1413,1413,363,60,2024-07-25,True
1414,1414,853,383,2024-02-07,True
1415,1415,585,967,2024-03-19,False
1416,1416,504,647,2023-12-29,True
1417,1417,260,530,2024-04-28,True
1418,1418,1167,954,2024-01-23,False
1419,1419,1312,891,2024-01-09,True
1420,1420,1253,595,2024-04-24,True
1421,1421,1245,753,2023-09-02,False
1422,1422,779,502,2024-08-06,True
1423,1423,75,60,2023-12-09,True
1424,1424,798,383,2024-08-23,True
1425,1425,511,967,2024-06-03,False
1426,1426,191,647,2024-08-03,False
1427,1427,818,530,2023-10-05,False
1428,1428,1397,954,2024-03-15,False
1429,1429,10,891,2024-01-04,False
1430,1430,347,595,2023-10-22,True
1431,1431,1378,753,2023-11-13,True
1432,1432,122,502,2023-09-21,True
1433,1433,1074,60,2024-05-23,True
1434,1434,936,383,2024-07-24,True
1435,1435,1102,967,2023-10-24,False
1436,1436,957,647,2024-08-07,False
1437,1437,1371,530,2023-10-08,True
1438,1438,20,954,2024-01-16,False
1439,1439,1145,891,2024-02-15,False
1440,1440,1468,595,2023-10-01,False
1441,1441,1061,753,2024-03-11,False
1442,1442,468,502,2023-10-16,True
1443,1443,659,60,2024-02-01,True
1444,1444,512,383,2024-01-18,True
1445,1445,1424,967,2024-08-03,True
1446,1446,286,647,2024-04-05,True
1447,1447,565,530,2024-01-04,False
1448,1448,324,954,2024-08-15,True
1449,1449,266,891,2024-05-24,True
1450,1450,936,595,2023-10-26,False
1451,1451,1412,753,2024-04-14,True
1452,1452,534,502,2024-06-16,False
1453,1453,491,60,2023-12-05,False
1454,1454,985,383,2024-07-04,True
1455,1455,1221,967,2023-09-19,False
1456,1456,446,647,2024-05-12,False
1457,1457,1236,530,2024-01-20,True
1458,1458,823,954,2024-03-01,False
1459,1459,798,954,2024-06-01,True
1460,1460,513,891,2024-04-19,True
1461,1461,400,954,2023-11-21,True
1462,1462,314,891,2024-05-17,True
1463,1463,1486,595,2024-05-05,False
1464,1464,980,753,2024-08-05,True
1465,1465,876,502,2023-08-31,True
1466,1466,232,60,2024-04-22,False
1467,1467,381,383,2023-11-16,True
1468,1468,954,967,2024-03-02,True
1469,1469,817,647,2024-07-28,False
1470,1470,307,530,2024-02-04,True
1471,1471,39,954,2024-06-19,True
1472,1472,1029,891,2024-01-26,True
1473,1473,75,595,2023-11-08,False
1474,1474,226,753,2023-08-31,False
1475,1475,620,502,2023-12-12,False
1476,1476,305,60,2023-12-06,True
1477,1477,421,383,2024-08-25,True
1478,1478,60,967,2024-05-14,False
1479,1479,124,647,2024-08-12,True
1480,1480,1032,530,2024-02-04,False
1481,1481,372,954,2024-08-25,True
1482,1482,1328,891,2023-12-09,False
1483,1483,1471,595,2023-10-15,True
1484,1484,1039,753,2024-04-28,True
1485,1485,161,502,2024-04-24,False
1486,1486,329,60,2024-04-23,True
1487,1487,1372,383,2023-12-06,True
1488,1488,1500,967,2023-09-01,True
1489,1489,315,647,2024-07-05,True
1490,1490,866,530,2023-12-26,False
1491,1491,747,954,2024-03-29,False
1492,1492,580,891,2023-09-01,True
1493,1493,458,595,2023-10-13,True
1494,1494,1258,753,2024-03-25,True
1495,1495,1370,502,2023-11-19,False
1496,1496,1304,60,2024-02-06,False
1497,1497,322,383,2023-09-18,False
1498,1498,3,967,2024-05-12,False
1499,1499,412,647,2024-08-11,True
1500,1500,143,530,2024-04-26,True
1501,1501,1335,954,2024-01-21,True
1502,1502,1249,891,2024-04-17,False
1503,1503,984,595,2023-09-22,False
1504,1504,907,753,2024-04-18,False
1505,1505,332,502,2024-02-20,False
1506,1506,747,60,2023-09-04,False
1507,1507,1117,383,2024-08-11,True
1508,1508,947,967,2024-01-27,False
1509,1509,1184,647,2023-09-10,False
1510,1510,1362,530,2024-02-28,True
1511,1511,678,954,2023-11-06,True
1512,1512,204,891,2024-08-01,True
1513,1513,731,595,2024-07-24,False
1514,1514,399,753,2024-08-20,False
1515,1515,98,502,2024-03-06,True
1516,1516,70,60,2024-08-17,True
1517,1517,1020,383,2024-06-25,True
1518,1518,1175,967,2024-02-02,True
1519,1519,467,647,2024-07-15,True
1520,1520,1302,530,2024-08-14,False
1521,1521,899,954,2023-09-05,True
1522,1522,790,891,2024-03-22,False
1523,1523,865,595,2024-03-11,True
1524,1524,836,753,2024-03-15,True
1525,1525,130,502,2023-08-27,True
1526,1526,1002,60,2024-04-12,False
1527,1527,1280,383,2024-04-12,True
1528,1528,328,967,2023-11-27,False
1529,1529,613,647,2024-01-15,False
1530,1530,242,530,2024-04-23,True
1531,1531,772,954,2024-07-21,True
1532,1532,406,954,2024-08-12,False
1533,1533,487,891,2023-12-09,True
1534,1534,1240,954,2024-01-05,True
1535,1535,1180,891,2024-05-16,True
1536,1536,745,595,2023-09-25,False
1537,1537,82,753,2024-07-24,False
1538,1538,1049,502,2024-04-17,False
1539,1539,1328,60,2023-11-02,True
1540,1540,1089,383,2024-07-06,False
1541,1541,576,967,2024-01-29,False
1542,1542,563,647,2024-01-13,True
1543,1543,528,530,2024-08-24,True
1544,1544,1321,954,2023-09-07,True
1545,1545,1195,891,2024-01-10,True
1546,1546,483,595,2023-10-08,False
1547,1547,104,753,2024-03-12,True
1548,1548,859,502,2024-01-07,True
1549,1549,1000,60,2024-02-04,False
1550,1550,99,383,2023-09-20,True
1551,1551,1302,967,2024-03-29,False
1552,1552,149,647,2023-12-29,True
1553,1553,1367,530,2024-03-26,False
1554,1554,923,954,2024-08-26,False
1555,1555,1492,891,2023-11-07,False
1556,1556,1189,595,2024-04-15,False
1557,1557,1010,753,2024-05-07,True
1558,1558,125,502,2024-03-03,True
1559,1559,1371,60,2023-09-01,False
1560,1560,1037,383,2023-11-01,False
1561,1561,256,967,2024-07-23,True
1562,1562,1382,647,2023-11-18,False
1563,1563,931,530,2023-09-13,False
1564,1564,769,954,2024-08-18,True
1565,1565,116,891,2024-02-12,True
1566,1566,1480,595,2024-05-18,False
1567,1567,257,753,2023-11-28,True
1568,1568,188,502,2024-07-01,False
1569,1569,1293,60,2024-07-19,True
1570,1570,37,383,2024-06-01,False
1571,1571,373,967,2023-10-11,False
1572,1572,1439,647,2024-08-26,False
1573,1573,126,530,2024-01-19,True
1574,1574,1406,954,2023-09-26,False
1575,1575,950,891,2024-01-20,True
1576,1576,958,595,2024-05-20,False
1577,1577,380,753,2024-02-25,False
1578,1578,1405,502,2023-11-07,True
1579,1579,72,60,2024-08-25,False
1580,1580,1043,383,2024-05-26,False
1581,1581,811,967,2023-10-24,True
1582,1582,1197,647,2024-07-08,True
1583,1583,1159,530,2024-05-19,False
1584,1584,913,954,2023-12-18,False
1585,1585,528,891,2024-06-27,False
1586,1586,747,595,2023-10-07,True
1587,1587,847,753,2024-01-27,True
1588,1588,1345,502,2024-07-09,True
1589,1589,582,60,2024-06-08,False
1590,1590,405,383,2023-10-01,True
1591,1591,901,967,2024-07-19,True
1592,1592,1363,647,2024-01-03,True
1593,1593,272,530,2023-11-09,False
1594,1594,1257,954,2024-02-12,True
1595,1595,582,891,2023-10-06,True
1596,1596,580,595,2023-11-13,True
1597,1597,336,753,2024-02-20,True
1598,1598,251,502,2023-10-27,True
1599,1599,620,60,2023-12-04,False
1600,1600,728,383,2023-10-10,True
1601,1601,972,967,2024-06-23,False
1602,1602,645,647,2023-09-14,True
1603,1603,254,530,2024-05-09,False
1604,1604,708,954,2024-06-24,True
1605,1605,406,954,2024-02-15,True
1606,1606,539,891,2024-08-09,False
1607,1607,1189,954,2023-12-13,True
1608,1608,852,891,2024-08-07,True
1609,1609,397,595,2023-11-19,True
1610,1610,115,753,2024-01-13,True
1611,1611,1298,502,2023-10-10,False
1612,1612,215,60,2024-08-09,True
1613,1613,960,383,2024-03-11,False
1614,1614,151,967,2024-07-11,False
1615,1615,731,647,2024-03-16,True
1616,1616,895,530,2024-07-05,True
1617,1617,348,954,2024-08-20,False
1618,1618,1383,891,2024-05-13,True
1619,1619,1247,595,2024-03-30,True
1620,1620,202,753,2024-01-10,True
1621,1621,195,502,2024-04-12,True
1622,1622,1219,60,2024-04-09,False
1623,1623,1342,383,2024-03-11,False
1624,1624,668,967,2024-07-08,True
1625,1625,1474,647,2024-06-07,False
1626,1626,881,530,2023-11-19,True
1627,1627,538,954,2024-04-11,True
1628,1628,186,891,2024-05-13,True
1629,1629,821,595,2023-09-03,False
1630,1630,179,753,2024-01-26,False
1631,1631,135,502,2024-04-23,False
1632,1632,852,60,2024-02-01,False
1633,1633,1128,383,2024-05-30,False
1634,1634,291,967,2024-06-09,True
1635,1635,1159,647,2024-02-29,True
1636,1636,402,530,2024-02-27,False
1637,1637,254,954,2024-07-24,False
1638,1638,264,891,2024-08-04,True
1639,1639,1070,595,2023-11-07,False
1640,1640,416,753,2024-05-03,False
1641,1641,583,502,2024-04-17,True
1642,1642,759,60,2023-09-10,True
1643,1643,294,383,2024-04-15,False
1644,1644,24,967,2024-06-14,False
1645,1645,1401,647,2024-04-12,False
1646,1646,1039,530,2024-02-15,True
1647,1647,1079,954,2023-12-01,True
1648,1648,742,891,2023-10-18,True
1649,1649,946,595,2024-01-02,False
1650,1650,1262,753,2023-12-13,False
1651,1651,753,502,2024-03-09,True
1652,1652,1090,60,2023-09-18,False
1653,1653,924,383,2023-10-06,True
1654,1654,458,967,2024-01-01,False
1655,1655,881,647,2024-08-16,False
1656,1656,154,530,2024-07-12,False
1657,1657,571,954,2024-03-02,True
1658,1658,346,891,2024-01-09,True
1659,1659,1296,595,2024-08-14,False
1660,1660,1040,753,2023-12-23,False
1661,1661,180,502,2023-10-05,True
1662,1662,700,60,2024-05-27,True
1663,1663,799,383,2024-01-15,False
1664,1664,1470,967,2023-10-14,True
1665,1665,861,647,2023-12-14,True
1666,1666,649,530,2024-03-30,False
1667,1667,1119,954,2024-06-13,False
1668,1668,1091,891,2024-02-17,True
1669,1669,222,595,2023-10-30,True
1670,1670,1160,753,2024-08-07,False
1671,1671,892,502,2024-03-13,False
1672,1672,1464,60,2024-02-11,False
1673,1673,830,383,2023-10-04,True
1674,1674,1365,967,2023-12-02,False
1675,1675,937,647,2024-02-14,False
1676,1676,487,530,2024-06-06,True
1677,1677,909,954,2024-07-09,True
1678,1678,656,954,2024-02-27,False
1679,1679,1026,891,2024-01-13,True
1680,1680,822,954,2024-06-02,False
1681,1681,1378,891,2023-12-28,False
1682,1682,186,595,2024-01-05,False
1683,1683,280,753,2024-05-22,False
1684,1684,756,502,2024-01-17,False
1685,1685,669,60,2023-12-22,True
1686,1686,976,383,2024-07-03,False
1687,1687,1321,967,2024-06-12,False
1688,1688,531,647,2024-05-31,False
1689,1689,910,530,2024-08-01,True
1690,1690,464,954,2024-06-17,False
1691,1691,1212,891,2023-10-27,False
1692,1692,427,595,2024-06-11,True
1693,1693,120,753,2023-11-20,False
1694,1694,1414,502,2023-10-08,False
1695,1695,787,60,2024-07-18,False
1696,1696,430,383,2024-07-02,True
1697,1697,1346,967,2024-08-09,False
1698,1698,969,647,2023-09-04,False
1699,1699,587,530,2024-05-11,False
1700,1700,1283,954,2024-01-17,True
1701,1701,1032,891,2024-07-13,True
1702,1702,61,595,2024-03-13,False
1703,1703,91,753,2024-04-25,False
1704,1704,1015,502,2024-03-05,False
1705,1705,1143,60,2024-03-26,True
1706,1706,1130,383,2024-04-16,True
1707,1707,273,967,2023-11-18,True
1708,1708,1132,647,2024-01-01,False
1709,1709,416,530,2024-05-16,True
1710,1710,1284,954,2024-04-11,True
1711,1711,1267,891,2024-03-10,False
1712,1712,731,595,2023-09-04,False
1713,1713,476,753,2024-06-01,True
1714,1714,554,502,2023-11-19,True
1715,1715,1363,60,2023-09-30,False
1716,1716,1375,383,2024-05-21,False
1717,1717,91,967,2024-08-05,False
1718,1718,115,647,2023-09-19,False
1719,1719,1462,530,2023-10-01,True
1720,1720,303,954,2023-08-30,False
1721,1721,306,891,2024-02-24,True
1722,1722,810,595,2024-03-19,True
1723,1723,337,753,2023-09-12,True
1724,1724,1191,502,2024-07-15,False
1725,1725,1457,60,2024-07-30,False
1726,1726,1484,383,2024-03-28,True
1727,1727,1202,967,2024-01-22,False
1728,1728,224,647,2024-07-06,True
1729,1729,646,530,2024-07-28,True
1730,1730,247,954,2023-09-11,False
1731,1731,1298,891,2024-01-27,True
1732,1732,875,595,2023-09-13,True
1733,1733,712,753,2024-07-17,False
1734,1734,1145,502,2024-07-05,True
1735,1735,760,60,2023-11-28,True
1736,1736,193,383,2023-08-27,True
1737,1737,467,967,2024-06-01,False
1738,1738,399,647,2024-04-17,False
1739,1739,859,530,2023-10-30,True
1740,1740,384,954,2023-10-25,True
1741,1741,252,891,2024-02-21,True
1742,1742,1271,595,2024-03-30,True
1743,1743,252,753,2024-05-30,True
1744,1744,754,502,2023-10-09,True
1745,1745,520,60,2024-01-29,True
1746,1746,96,383,2024-01-06,True
1747,1747,863,967,2024-06-30,True
1748,1748,1009,647,2024-05-27,True
1749,1749,891,530,2023-11-22,True
1750,1750,1060,954,2023-11-16,True
1751,1751,1136,954,2024-01-04,False
1752,1752,1287,891,2024-07-24,True
1753,1753,599,954,2024-02-25,True
1754,1754,279,891,2024-01-20,True
1755,1755,1473,595,2023-09-12,True
1756,1756,737,753,2023-09-23,True
1757,1757,1369,502,2024-08-26,False
1758,1758,95,60,2023-08-31,False
1759,1759,1496,383,2023-10-04,True
1760,1760,1433,967,2023-12-12,True
1761,1761,1355,647,2024-02-23,True
1762,1762,1274,530,2024-06-24,False
1763,1763,546,954,2024-07-31,True
1764,1764,77,891,2024-01-28,False
1765,1765,1272,595,2024-08-15,False
1766,1766,31,753,2024-02-19,False
1767,1767,839,502,2023-10-29,True
1768,1768,1039,60,2023-12-22,False
1769,1769,1455,383,2023-11-22,False
1770,1770,1280,967,2024-03-07,False
1771,1771,863,647,2024-07-06,False
1772,1772,1133,530,2024-08-03,True
1773,1773,1133,954,2024-02-11,False
1774,1774,886,891,2023-11-06,False
1775,1775,1107,595,2023-09-12,True
1776,1776,842,753,2024-04-02,True
1777,1777,27,502,2023-12-07,True
1778,1778,550,60,2023-12-28,True
1779,1779,1043,383,2024-04-20,True
1780,1780,216,967,2024-05-30,True
1781,1781,605,647,2024-04-29,False
1782,1782,1462,530,2024-03-02,False
1783,1783,71,954,2024-07-06,True
1784,1784,1370,891,2023-09-01,False
1785,1785,101,595,2024-01-10,False
1786,1786,388,753,2024-03-22,False
1787,1787,272,502,2023-11-23,True
1788,1788,216,60,2024-01-04,True
1789,1789,538,383,2024-04-20,True
1790,1790,169,967,2023-11-08,False
1791,1791,748,647,2023-11-10,True
1792,1792,1036,530,2024-04-06,True
1793,1793,1069,954,2024-08-08,False
1794,1794,341,891,2024-03-06,False
1795,1795,48,595,2023-09-25,False
1796,1796,1414,753,2024-06-24,False
1797,1797,357,502,2024-03-20,False
1798,1798,1141,60,2023-09-01,True
1799,1799,1404,383,2024-04-11,True
1800,1800,1198,967,2023-10-03,False
1801,1801,593,647,2024-08-23,True
1802,1802,472,530,2024-04-06,False
1803,1803,1445,954,2024-02-23,False
1804,1804,476,891,2023-12-27,True
1805,1805,931,595,2023-09-02,True
1806,1806,628,753,2024-01-08,False
1807,1807,401,502,2024-07-07,True
1808,1808,1100,60,2023-12-25,False
1809,1809,1452,383,2024-02-24,True
1810,1810,739,967,2024-04-03,False
1811,1811,466,647,2024-02-19,True
1812,1812,1186,530,2023-12-07,True
1813,1813,968,954,2023-09-30,False
1814,1814,1047,891,2023-11-04,False
1815,1815,1219,595,2024-02-22,False
1816,1816,713,753,2024-03-18,False
1817,1817,1426,502,2023-12-27,True
1818,1818,1449,60,2024-02-27,False
1819,1819,254,383,2023-12-11,False
1820,1820,288,967,2024-02-12,False
1821,1821,1268,647,2024-04-13,False
1822,1822,154,530,2024-04-16,False
1823,1823,936,954,2023-11-29,True
1824,1824,1408,954,2024-07-02,False
1825,1825,770,891,2024-01-24,False
1826,1826,982,954,2024-04-20,True
1827,1827,575,891,2024-05-25,True
1828,1828,380,595,2024-07-12,True
1829,1829,1047,753,2023-11-06,False
1830,1830,168,502,2024-01-17,False
1831,1831,296,60,2024-01-05,False
1832,1832,975,383,2024-06-24,True
1833,1833,522,967,2024-02-10,False
1834,1834,802,647,2023-09-22,True
1835,1835,201,530,2024-07-14,False
1836,1836,1304,954,2024-02-09,False
1837,1837,1059,891,2024-05-25,True
1838,1838,1162,595,2024-07-27,True
1839,1839,140,753,2023-10-17,False
1840,1840,89,502,2024-06-23,False
1841,1841,1152,60,2024-01-31,False
1842,1842,1111,383,2024-04-01,False
1843,1843,322,967,2024-01-31,True
1844,1844,916,647,2024-08-01,True
1845,1845,8,530,2023-11-02,False
1846,1846,756,954,2024-06-28,True
1847,1847,1325,891,2024-04-01,True
1848,1848,1108,595,2024-01-25,True
1849,1849,473,753,2024-07-30,True
1850,1850,272,502,2023-12-22,False
1851,1851,82,60,2024-04-13,False
1852,1852,680,383,2024-01-29,False
1853,1853,997,967,2023-12-24,False
1854,1854,987,647,2023-09-19,False
1855,1855,178,530,2024-01-10,False
1856,1856,1346,954,2024-07-09,False
1857,1857,438,891,2023-10-18,True
1858,1858,758,595,2024-04-23,True
1859,1859,412,753,2024-07-19,True
1860,1860,1357,502,2024-06-06,True
1861,1861,1073,60,2024-04-07,True
1862,1862,734,383,2023-11-16,True
1863,1863,378,967,2024-04-07,False
1864,1864,1283,647,2023-09-04,True
1865,1865,694,530,2023-09-20,True
1866,1866,760,954,2023-12-05,False
1867,1867,807,891,2024-01-15,True
1868,1868,88,595,2023-12-29,False
1869,1869,1296,753,2024-04-25,True
1870,1870,123,502,2024-04-24,True
1871,1871,471,60,2023-10-16,False
1872,1872,643,383,2024-05-05,True
1873,1873,54,967,2024-03-21,True
1874,1874,723,647,2024-03-14,False
1875,1875,496,530,2023-12-01,False
1876,1876,510,954,2024-08-08,True
1877,1877,27,891,2024-01-10,False
1878,1878,425,595,2023-09-16,False
1879,1879,167,753,2024-03-17,True
1880,1880,1270,502,2024-02-16,True
1881,1881,925,60,2024-05-02,False
1882,1882,101,383,2023-09-05,True
1883,1883,1306,967,2024-03-25,False
1884,1884,275,647,2023-10-03,False
1885,1885,664,530,2023-10-02,True
1886,1886,75,954,2023-12-24,False
1887,1887,483,891,2023-10-12,False
1888,1888,969,595,2023-11-27,False
1889,1889,560,753,2023-12-07,False
1890,1890,875,502,2024-01-26,True
1891,1891,386,60,2024-07-13,True
1892,1892,466,383,2023-09-01,False
1893,1893,682,967,2024-02-13,False
1894,1894,743,647,2024-03-12,True
1895,1895,1335,530,2024-05-17,False
1896,1896,903,954,2024-06-19,True
1897,1897,19,954,2024-07-09,True
1898,1898,1322,891,2024-04-01,True
1899,1899,313,954,2024-06-28,True
1900,1900,805,891,2023-11-04,True
1901,1901,352,595,2023-11-17,True
1902,1902,408,753,2023-11-29,False
1903,1903,742,502,2024-01-23,False
1904,1904,380,60,2024-07-02,True
1905,1905,954,383,2024-06-13,True
1906,1906,1443,967,2024-04-06,False
1907,1907,920,647,2024-04-22,True
1908,1908,1442,530,2023-11-16,False
1909,1909,1491,954,2024-02-02,False
1910,1910,906,891,2024-01-14,False
1911,1911,593,595,2024-05-05,False
1912,1912,851,753,2023-11-03,True
1913,1913,286,502,2024-05-30,True
1914,1914,774,60,2024-03-13,True
1915,1915,1122,383,2024-04-17,True
1916,1916,1477,967,2024-02-29,True
1917,1917,1099,647,2024-02-24,True
1918,1918,1354,530,2024-04-09,False
1919,1919,684,954,2024-01-09,True
1920,1920,218,891,2024-02-24,False
1921,1921,133,595,2024-07-08,False
1922,1922,1216,753,2023-11-24,True
1923,1923,1114,502,2024-02-06,True
1924,1924,686,60,2024-01-04,False
1925,1925,913,383,2023-09-06,True
1926,1926,375,967,2023-10-29,True
1927,1927,339,647,2024-04-04,False
1928,1928,1041,530,2023-12-09,False
1929,1929,1293,954,2023-11-02,False
1930,1930,765,891,2024-01-20,True
1931,1931,1012,595,2023-11-29,True
1932,1932,494,753,2024-02-11,True
1933,1933,286,502,2023-12-25,True
1934,1934,758,60,2024-03-19,True
1935,1935,1382,383,2023-12-12,True
1936,1936,236,967,2024-03-04,True
1937,1937,613,647,2024-05-24,False
1938,1938,291,530,2023-08-31,False
1939,1939,660,954,2024-07-25,True
1940,1940,862,891,2024-06-19,True
1941,1941,910,595,2023-11-20,False
1942,1942,792,753,2024-01-20,True
1943,1943,1234,502,2023-11-15,False
1944,1944,912,60,2024-08-26,False
1945,1945,1431,383,2023-12-11,True
1946,1946,901,967,2023-09-29,True
1947,1947,1039,647,2024-06-13,False
1948,1948,853,530,2023-09-18,False
1949,1949,1057,954,2023-11-12,False
1950,1950,161,891,2023-12-02,False
1951,1951,1264,595,2024-01-29,True
1952,1952,540,753,2024-05-12,True
1953,1953,1441,502,2023-12-10,False
1954,1954,604,60,2024-08-01,True
1955,1955,625,383,2023-09-16,True
1956,1956,1311,967,2024-03-22,True
1957,1957,1011,647,2024-02-25,True
1958,1958,1263,530,2024-07-28,True
1959,1959,434,954,2023-12-02,True
1960,1960,912,891,2024-06-19,False
1961,1961,280,595,2024-02-28,False
1962,1962,782,753,2024-02-29,True
1963,1963,225,502,2024-03-25,True
1964,1964,764,60,2023-10-02,True
1965,1965,908,383,2023-12-09,True
1966,1966,836,967,2024-06-01,False
1967,1967,140,647,2023-10-18,True
1968,1968,675,530,2024-07-19,False
1969,1969,432,954,2024-05-31,True
1970,1970,1429,954,2023-10-08,True
1971,1971,536,891,2024-05-14,False
1972,1972,1006,954,2023-11-05,True
1973,1973,1218,891,2023-11-15,False
1974,1974,891,595,2023-11-25,True
1975,1975,208,753,2024-03-30,False
1976,1976,1160,502,2024-06-13,True
1977,1977,1020,60,2024-07-04,True
1978,1978,416,383,2024-05-23,True
1979,1979,1049,967,2024-08-20,True
1980,1980,170,647,2023-11-23,True
1981,1981,15,530,2024-05-12,True
1982,1982,350,954,2024-08-13,True
1983,1983,1077,891,2023-09-03,True
1984,1984,687,595,2024-08-18,False
1985,1985,341,753,2024-08-05,True
1986,1986,706,502,2024-01-21,False
1987,1987,20,60,2023-10-19,True
1988,1988,156,383,2024-07-11,False
1989,1989,205,967,2023-09-29,False
1990,1990,1418,647,2023-09-05,False
1991,1991,1136,530,2024-01-10,False
1992,1992,1312,954,2024-08-11,True
1993,1993,143,891,2023-11-26,True
1994,1994,677,595,2024-07-11,False
1995,1995,622,753,2024-01-04,True
1996,1996,1311,502,2023-12-27,True
1997,1997,1378,60,2024-01-05,False
1998,1998,1200,383,2023-11-17,False
1999,1999,6,967,2024-02-25,False
2000,2000,197,647,2023-12-07,True
