bid_id,ad_id,user_id,date_bid,bid_price,bid_status
1,3,486,2024-02-12,11296,Sent
2,3,51,2024-08-14,12451,Sent
3,6,552,2024-02-22,16450,Accepted
4,8,604,2024-07-13,21648,Accepted
5,14,597,2024-06-15,16644,Sent
6,14,1104,2024-04-29,14422,Sent
7,18,844,2024-06-19,19367,Sent
8,18,8,2024-07-29,20998,Accepted
9,20,1087,2024-06-07,22032,Sent
10,23,533,2024-07-13,17192,Sent
11,23,617,2024-04-03,20538,Accepted
12,24,1298,2024-04-21,21305,Accepted
13,28,1354,2024-06-24,14291,Sent
14,28,443,2024-06-24,13985,Sent
15,28,337,2024-05-01,13704,Accepted
16,32,709,2024-07-10,14051,Sent
17,32,873,2024-06-20,13287,Accepted
18,33,467,2023-12-27,16434,Accepted
19,35,1099,2023-12-31,10675,Accepted
20,37,1330,2024-08-08,15050,Accepted
21,38,32,2023-12-28,11491,Sent
22,38,524,2024-06-08,12409,Accepted
23,40,428,2024-08-26,16992,Sent
24,42,776,2024-08-16,16217,Sent
25,42,855,2024-08-17,17278,Sent
26,45,141,2024-04-06,14624,Accepted
27,48,670,2023-11-11,13819,Accepted
28,49,600,2024-07-03,16705,Sent
29,49,1176,2024-06-16,17298,Sent
30,49,51,2024-07-06,15975,Accepted
31,50,360,2024-03-20,18103,Accepted
32,51,740,2024-06-20,16335,Sent
33,51,275,2024-02-08,16761,Accepted
34,53,956,2024-07-17,18324,Accepted
35,59,850,2024-06-08,22921,Accepted
36,60,167,2024-01-17,20427,Accepted
37,66,427,2024-07-20,22413,Sent
38,66,1310,2024-07-07,24058,Sent
39,66,1301,2024-07-11,22178,Accepted
40,67,487,2024-05-14,10672,Accepted
41,69,1058,2024-02-08,16018,Accepted
42,71,1277,2023-12-23,10491,Accepted
43,73,1174,2024-08-22,13087,Accepted
44,74,779,2024-07-09,13162,Sent
45,74,1368,2024-08-21,12336,Accepted
46,76,1164,2024-06-22,14461,Accepted
47,77,611,2024-06-14,16138,Sent
48,77,783,2024-08-07,15474,Accepted
49,79,880,2024-08-20,17781,Sent
50,79,1251,2024-07-19,18711,Accepted
51,80,660,2024-03-02,14263,Sent
52,80,613,2024-05-22,15517,Accepted
53,81,559,2024-08-26,13006,Accepted
54,84,1362,2024-08-10,20265,Accepted
55,85,367,2024-05-08,17751,Accepted
56,89,350,2024-06-11,20109,Sent
57,89,306,2024-07-26,19987,Accepted
58,91,490,2024-08-25,21764,Accepted
59,92,7,2024-06-25,21901,Accepted
60,93,73,2023-12-22,19244,Accepted
61,94,895,2024-03-13,18474,Accepted
62,95,1410,2024-03-03,24266,Accepted
63,96,1126,2024-04-23,27452,Sent
64,96,839,2024-03-05,28342,Sent
65,96,658,2024-02-04,28635,Accepted
66,102,794,2024-07-15,10998,Accepted
67,103,635,2024-08-25,12391,Sent
68,103,1116,2024-08-26,13118,Accepted
69,105,1159,2024-07-27,12764,Sent
70,105,515,2024-06-27,11207,Accepted
71,107,788,2024-07-12,14157,Accepted
72,109,232,2024-07-14,11998,Sent
73,110,118,2023-12-29,14344,Sent
74,110,990,2024-04-12,14720,Accepted
75,116,1360,2024-05-27,14501,Accepted
76,121,127,2024-07-14,16363,Accepted
77,122,1312,2024-08-18,16509,Sent
78,122,497,2024-08-09,18339,Accepted
79,125,358,2024-06-10,23025,Sent
80,125,96,2024-08-08,23551,Accepted
81,126,193,2024-08-12,16843,Sent
82,126,558,2024-07-21,16096,Sent
83,126,417,2024-07-16,18519,Accepted
84,127,377,2024-08-14,19240,Accepted
85,128,255,2024-07-13,23341,Accepted
86,130,469,2024-06-01,23144,Sent
87,130,386,2024-07-18,24818,Accepted
88,133,1398,2024-08-16,17767,Sent
89,133,1133,2024-08-23,20710,Accepted
90,135,414,2024-07-12,21999,Accepted
91,137,131,2024-02-09,23578,Sent
92,137,646,2024-06-13,21946,Accepted
93,140,55,2024-05-08,14009,Sent
94,140,553,2024-06-10,16635,Sent
95,140,878,2024-06-23,14959,Accepted
96,145,635,2024-08-01,12660,Sent
97,145,1226,2024-06-18,12444,Sent
98,145,480,2024-08-05,11788,Accepted
99,147,169,2024-06-24,13518,Sent
100,147,1019,2024-08-11,13009,Accepted
101,149,442,2024-05-12,15804,Sent
102,149,29,2024-08-05,16358,Accepted
103,151,385,2024-06-24,13852,Sent
104,152,1280,2024-07-15,12716,Accepted
105,153,931,2024-08-25,16097,Accepted
106,156,526,2024-08-24,16812,Accepted
107,159,821,2024-05-17,21647,Accepted
108,165,578,2024-08-17,20544,Sent
109,165,661,2024-08-14,17634,Sent
110,165,456,2024-08-15,17906,Accepted
111,167,266,2024-08-25,26100,Sent
112,167,1281,2024-08-01,26032,Accepted
113,168,1467,2024-08-05,23809,Sent
114,168,1049,2024-08-20,26205,Sent
115,168,137,2024-08-22,26030,Sent
116,168,579,2024-08-23,24462,Accepted
117,171,476,2024-08-13,14666,Sent
118,171,1281,2024-08-22,15035,Accepted
119,172,1020,2024-08-17,11205,Accepted
120,174,705,2024-07-30,14591,Sent
121,174,941,2024-06-05,12843,Sent
122,174,1088,2024-08-03,13448,Accepted
123,177,415,2024-04-17,10012,Accepted
124,179,556,2024-06-09,16243,Sent
125,183,1060,2024-03-02,15525,Accepted
126,186,992,2024-08-08,21996,Accepted
127,187,1181,2024-07-02,16121,Accepted
128,189,873,2024-08-20,13959,Accepted
129,192,1494,2024-06-26,19453,Accepted
130,195,48,2024-07-17,19786,Accepted
131,197,957,2024-07-18,16430,Accepted
132,202,271,2024-08-11,21917,Sent
133,202,830,2024-06-24,20089,Sent
134,202,287,2023-12-26,21387,Sent
135,202,998,2024-03-01,22617,Accepted
136,203,1323,2024-06-28,23763,Sent
137,203,1330,2024-06-20,25556,Sent
138,204,229,2024-04-27,18938,Sent
139,204,552,2024-07-30,19749,Sent
140,204,914,2024-03-21,21405,Sent
141,204,955,2024-04-02,18687,Accepted
142,205,1490,2023-12-13,18423,Accepted
143,210,1074,2024-08-22,14509,Accepted
144,211,88,2024-08-02,14711,Accepted
145,214,365,2023-11-29,14558,Sent
146,214,39,2024-06-09,17506,Accepted
147,215,424,2024-03-25,13298,Sent
148,215,699,2024-04-27,15258,Sent
149,215,858,2024-08-02,14201,Accepted
150,216,299,2024-04-20,12310,Accepted
151,218,1006,2024-05-13,13307,Accepted
152,220,1481,2024-07-28,17383,Sent
153,220,346,2024-08-26,14906,Sent
154,220,545,2024-08-08,15291,Accepted
155,224,892,2024-07-19,18061,Sent
156,224,362,2024-06-09,15372,Accepted
157,227,1229,2024-01-24,16594,Accepted
158,230,750,2024-06-24,23050,Sent
159,230,153,2024-07-03,19428,Accepted
160,233,947,2024-04-19,21111,Sent
161,233,116,2024-04-12,21123,Sent
162,233,803,2024-03-03,23753,Sent
163,233,299,2024-08-21,20307,Accepted
164,234,610,2024-04-27,24152,Sent
165,234,1361,2024-07-15,21664,Sent
166,236,716,2024-06-26,17241,Accepted
167,239,837,2024-08-26,26349,Sent
168,239,112,2024-08-26,22577,Accepted
169,242,1361,2024-08-21,16532,Sent
170,242,333,2024-08-09,15778,Accepted
171,244,1204,2024-07-13,9767,Sent
172,244,1229,2024-08-16,10974,Sent
173,244,159,2024-08-02,10186,Sent
174,244,1291,2024-07-14,11184,Sent
175,244,440,2024-06-30,10902,Sent
176,244,1015,2024-06-25,10082,Accepted
177,245,400,2024-02-26,12634,Accepted
178,248,348,2024-02-24,11536,Sent
179,253,570,2024-05-29,17769,Sent
180,253,1466,2024-05-28,14843,Accepted
181,254,1264,2024-08-24,16771,Accepted
182,255,1064,2024-03-13,16592,Accepted
183,256,1474,2024-07-30,20410,Accepted
184,257,876,2024-08-27,20372,Accepted
185,258,1204,2024-05-25,14789,Accepted
186,260,1286,2024-08-25,14206,Accepted
187,261,335,2024-06-26,13875,Accepted
188,262,639,2024-05-30,17763,Accepted
189,264,54,2024-07-02,17957,Sent
190,264,1486,2024-06-18,16640,Sent
191,264,34,2024-06-30,18731,Sent
192,265,58,2023-11-17,21754,Sent
193,265,1478,2024-06-12,18991,Accepted
194,266,1215,2024-01-16,18293,Sent
195,266,484,2024-04-03,17487,Accepted
196,268,615,2024-05-13,19198,Accepted
197,273,610,2024-08-12,21755,Sent
198,274,266,2024-03-21,23338,Accepted
199,276,5,2024-07-21,17505,Sent
200,276,493,2024-07-22,18344,Sent
201,276,1028,2024-08-15,19651,Accepted
202,278,1287,2024-07-18,27299,Accepted
203,279,1252,2024-07-25,24074,Sent
204,280,860,2024-06-02,10759,Sent
205,280,909,2024-03-15,10523,Sent
206,280,356,2024-05-30,10452,Accepted
207,283,1088,2024-04-23,12171,Accepted
208,284,1028,2024-05-18,10473,Sent
209,284,572,2024-07-26,10895,Accepted
210,289,129,2024-08-14,14523,Sent
211,295,166,2024-05-27,16208,Accepted
212,300,132,2024-04-20,23141,Sent
213,300,203,2024-03-18,21127,Accepted
214,302,13,2024-04-27,21975,Accepted
215,305,400,2024-06-23,26177,Sent
216,305,959,2024-05-08,23526,Accepted
217,306,601,2024-07-11,19989,Sent
218,306,300,2024-04-25,18903,Accepted
219,307,999,2024-03-25,19440,Sent
220,311,929,2024-06-25,10775,Accepted
221,313,746,2024-05-11,16057,Accepted
222,315,1251,2024-03-04,11404,Accepted
223,316,1077,2024-08-24,13843,Accepted
224,320,775,2024-07-14,13976,Sent
225,320,798,2024-07-20,14529,Sent
226,320,826,2024-08-11,13287,Sent
227,320,1438,2024-08-15,14345,Accepted
228,321,1126,2024-07-09,14418,Accepted
229,325,1208,2023-10-25,18547,Accepted
230,327,722,2024-07-05,18056,Sent
231,327,997,2024-06-16,18625,Accepted
232,328,531,2024-05-14,24622,Sent
233,328,29,2024-07-17,20711,Sent
234,328,987,2023-12-15,20815,Accepted
235,332,727,2024-08-22,14271,Accepted
236,334,1193,2024-03-01,19534,Sent
237,334,533,2024-07-15,18640,Accepted
238,335,88,2024-05-28,17051,Accepted
239,337,435,2024-03-25,19600,Accepted
240,339,683,2024-08-15,17954,Sent
241,339,1264,2024-05-23,18032,Sent
242,339,832,2024-01-08,19724,Sent
243,339,269,2024-07-15,16102,Accepted
244,342,55,2024-08-04,18968,Accepted
245,344,55,2024-06-12,23529,Accepted
246,345,39,2023-12-02,24914,Accepted
247,346,832,2024-05-19,17998,Accepted
248,347,697,2024-06-30,19492,Sent
249,347,260,2024-03-19,18727,Sent
250,347,286,2024-07-23,17046,Accepted
251,348,999,2024-02-28,24359,Sent
252,348,366,2024-06-16,21419,Accepted
253,349,1042,2024-07-27,25317,Accepted
254,350,818,2024-05-20,26303,Accepted
255,351,1288,2024-06-19,10147,Accepted
256,355,1009,2024-04-12,9917,Accepted
257,358,157,2024-07-16,13483,Sent
258,358,1232,2024-05-28,13604,Sent
259,358,1222,2024-01-19,11468,Sent
260,358,952,2023-12-17,11529,Sent
261,358,323,2024-03-12,12077,Accepted
262,359,677,2024-08-17,11607,Sent
263,359,352,2024-08-17,10470,Accepted
264,360,1176,2024-07-22,14442,Accepted
265,363,1100,2024-07-21,20209,Accepted
266,365,1290,2024-07-22,11571,Accepted
267,366,1327,2024-08-26,16265,Sent
268,366,902,2024-05-05,15636,Sent
269,366,1291,2024-05-07,15451,Accepted
270,367,1067,2024-07-08,20361,Accepted
271,368,142,2024-08-18,17443,Sent
272,368,1139,2024-08-04,16899,Accepted
273,370,467,2024-05-31,16473,Sent
274,371,337,2024-04-06,20978,Sent
275,371,1239,2024-02-25,22048,Accepted
276,374,504,2024-08-23,23659,Sent
277,374,980,2024-08-02,24470,Sent
278,374,944,2024-06-01,27322,Sent
279,374,1012,2024-06-24,27474,Accepted
280,375,970,2024-06-06,22313,Accepted
281,379,399,2024-07-03,22676,Sent
282,379,409,2024-03-11,21933,Sent
283,379,42,2024-07-21,23291,Sent
284,379,1476,2024-07-11,22237,Accepted
285,381,1344,2024-07-28,21700,Sent
286,385,868,2024-02-20,11256,Sent
287,385,381,2024-01-24,11804,Accepted
288,387,43,2024-08-21,14274,Accepted
289,388,1038,2024-06-14,14412,Accepted
290,391,249,2024-08-26,13861,Accepted
291,393,870,2024-07-02,12668,Accepted
292,396,795,2024-07-24,17430,Sent
293,398,1273,2024-08-10,17632,Sent
294,398,569,2024-08-09,18211,Sent
295,398,961,2024-08-17,20275,Sent
296,398,553,2024-08-15,17973,Sent
297,398,1364,2024-08-20,20727,Sent
298,400,1322,2024-08-15,16104,Accepted
299,401,1331,2024-01-29,18287,Sent
300,401,1431,2024-07-25,17254,Sent
301,402,1447,2024-05-24,14884,Accepted
302,404,212,2024-07-08,14686,Sent
303,404,198,2023-11-24,16964,Sent
304,404,1320,2024-02-22,15299,Sent
305,404,342,2023-12-05,15041,Accepted
306,405,982,2024-07-06,18523,Accepted
307,410,172,2024-07-23,16479,Accepted
308,411,1228,2024-08-15,18757,Sent
309,411,1309,2024-07-28,18385,Accepted
310,413,906,2024-08-19,21302,Accepted
311,414,480,2024-05-17,25300,Accepted
312,416,132,2024-06-15,26626,Accepted
313,420,175,2024-03-11,25154,Accepted
314,422,336,2024-05-16,11343,Accepted
315,428,215,2024-04-24,14500,Sent
316,428,111,2024-08-06,13251,Accepted
317,429,1382,2024-07-19,13070,Accepted
318,430,1057,2024-07-24,10099,Accepted
319,431,1059,2024-05-27,14760,Sent
320,431,907,2024-07-17,12442,Accepted
321,437,569,2024-08-19,17038,Sent
322,437,1000,2024-08-07,15715,Sent
323,437,254,2024-08-21,15416,Sent
324,437,906,2024-08-03,16324,Accepted
325,438,1236,2024-01-19,18952,Sent
326,438,346,2024-07-10,21866,Sent
327,438,1355,2024-01-22,20956,Sent
328,438,274,2024-06-15,18829,Accepted
329,439,1207,2024-08-04,18886,Accepted
330,440,1284,2024-08-01,16800,Sent
331,440,1488,2024-06-03,14635,Accepted
332,442,458,2024-08-08,23412,Accepted
333,444,1368,2024-05-07,19262,Sent
334,444,744,2024-08-01,19757,Sent
335,444,220,2024-07-08,19241,Sent
336,444,674,2024-05-06,22134,Sent
337,444,1212,2024-07-16,22344,Accepted
338,445,940,2024-02-08,25670,Accepted
339,446,1439,2024-07-19,20713,Accepted
340,448,560,2024-08-26,17629,Accepted
341,459,1252,2024-04-11,15848,Accepted
342,461,1388,2024-08-08,11639,Accepted
343,462,357,2024-05-14,13965,Accepted
344,464,422,2024-06-24,12924,Sent
345,464,758,2024-08-11,13488,Sent
346,464,693,2024-06-05,13281,Accepted
347,467,210,2024-08-21,17832,Accepted
348,469,1363,2024-07-28,20198,Sent
349,469,1093,2024-04-04,18800,Accepted
350,470,1435,2024-03-07,23485,Accepted
351,472,1164,2023-12-24,18492,Sent
352,472,205,2024-05-16,16607,Sent
353,472,721,2023-11-17,16809,Sent
354,472,1302,2024-04-12,18761,Sent
355,472,185,2024-08-07,17185,Sent
356,472,802,2024-04-16,18629,Sent
357,483,813,2024-07-02,19851,Sent
358,483,1492,2024-07-29,21476,Sent
359,483,733,2024-07-17,21296,Sent
360,483,796,2024-07-29,20030,Sent
361,483,1393,2024-08-03,19869,Accepted
362,486,823,2024-05-25,23794,Accepted
363,487,817,2024-07-08,26717,Sent
364,491,1303,2023-12-08,25427,Accepted
365,494,463,2024-02-07,12736,Sent
366,494,497,2024-04-17,12000,Sent
367,494,66,2024-07-21,14821,Accepted
368,495,615,2024-07-29,14985,Sent
369,495,1236,2024-07-28,15620,Accepted
370,498,1472,2024-08-25,16865,Sent
371,498,1162,2024-08-25,14484,Sent
372,498,501,2024-08-26,14543,Sent
373,498,1368,2024-08-26,14841,Accepted
374,503,814,2024-04-12,16628,Accepted
375,504,34,2024-08-15,14760,Sent
376,504,674,2024-07-06,17079,Accepted
377,506,144,2024-01-01,15569,Sent
378,506,1311,2024-06-21,12929,Accepted
379,509,1220,2024-05-29,22641,Sent
380,509,216,2024-03-16,19633,Accepted
381,517,494,2024-03-26,20378,Accepted
382,519,1420,2024-04-09,19693,Sent
383,519,494,2024-05-14,20067,Accepted
384,521,588,2024-02-04,23975,Accepted
385,524,225,2024-03-04,11524,Sent
386,524,164,2024-02-21,9945,Accepted
387,525,1104,2024-03-05,12064,Sent
388,525,326,2024-04-07,12451,Accepted
389,526,692,2024-05-14,14706,Sent
390,526,115,2023-12-18,14006,Sent
391,526,402,2024-03-28,16051,Accepted
392,530,798,2024-07-19,14876,Sent
393,530,753,2024-07-17,15988,Sent
394,530,449,2024-04-03,15206,Sent
395,530,207,2024-03-18,15525,Accepted
396,533,1287,2024-08-12,13989,Sent
397,533,119,2024-08-08,13102,Sent
398,534,1290,2024-08-26,13946,Accepted
399,535,865,2024-06-13,13413,Sent
400,537,1281,2024-02-17,16059,Accepted
401,538,264,2024-07-24,17024,Accepted
402,539,76,2024-08-03,14688,Sent
403,540,562,2024-03-13,18079,Sent
404,540,241,2024-04-22,19329,Accepted
405,541,1468,2024-06-23,24115,Accepted
406,542,1179,2024-07-12,16044,Sent
407,542,107,2024-06-05,15572,Sent
408,542,1298,2024-07-23,15196,Accepted
409,545,682,2024-01-08,13084,Accepted
410,548,760,2024-07-13,17651,Accepted
411,553,1393,2024-01-09,21630,Sent
412,555,553,2024-08-25,22024,Sent
413,555,966,2024-02-24,22083,Sent
414,555,1182,2024-07-21,19467,Accepted
415,556,943,2024-08-13,23524,Accepted
416,557,297,2024-02-07,24480,Sent
417,557,149,2024-05-06,22208,Accepted
418,558,67,2024-08-23,26950,Sent
419,558,1467,2024-07-22,27390,Accepted
420,559,927,2024-07-24,21124,Accepted
421,560,891,2024-07-25,19123,Accepted
422,561,866,2024-08-17,21342,Accepted
423,562,1428,2024-08-20,25505,Accepted
424,567,1122,2024-06-01,12655,Accepted
425,570,1404,2024-08-11,13430,Accepted
426,575,375,2024-08-20,14884,Sent
427,576,348,2024-04-22,19849,Accepted
428,578,556,2024-07-20,13800,Sent
429,578,916,2023-12-12,12970,Accepted
430,580,1349,2024-08-24,21594,Accepted
431,581,279,2024-02-17,19158,Sent
432,581,856,2023-09-08,19903,Accepted
433,584,215,2024-08-23,24736,Accepted
434,585,346,2023-12-07,21338,Sent
435,585,175,2024-06-18,21387,Sent
436,585,364,2024-02-22,20005,Sent
437,585,891,2024-01-28,20043,Sent
438,585,537,2024-07-30,21458,Accepted
439,589,1384,2024-08-26,24193,Sent
440,589,853,2023-12-21,22953,Accepted
441,590,1296,2024-08-16,19290,Accepted
442,591,1264,2024-08-07,20362,Sent
443,591,614,2024-02-24,19581,Accepted
444,592,916,2024-08-22,22982,Accepted
445,594,778,2024-07-17,24640,Accepted
446,595,404,2024-07-28,11464,Accepted
447,597,173,2024-08-10,14945,Sent
448,597,710,2024-08-17,13958,Sent
449,597,741,2024-07-23,16277,Accepted
450,607,824,2024-05-31,13389,Accepted
451,608,250,2024-07-01,17210,Accepted
452,609,887,2024-05-15,15479,Sent
453,614,29,2024-06-22,15736,Accepted
454,615,1319,2023-11-25,15361,Sent
455,616,15,2024-06-01,14724,Sent
456,616,1182,2024-06-23,13296,Sent
457,616,236,2024-04-07,15217,Accepted
458,619,304,2024-03-17,16447,Accepted
459,620,348,2024-08-09,21423,Accepted
460,622,403,2024-07-22,19336,Sent
461,622,736,2024-08-17,23740,Accepted
462,625,1342,2024-06-04,22745,Accepted
463,627,440,2024-03-07,22332,Sent
464,627,997,2024-05-31,26402,Sent
465,627,270,2024-07-24,21678,Accepted
466,628,50,2024-08-02,21308,Accepted
467,631,1241,2023-12-31,18728,Accepted
468,632,745,2024-07-22,23710,Accepted
469,635,613,2024-08-23,10502,Accepted
470,637,1469,2024-06-07,16205,Sent
471,637,889,2024-08-06,16156,Sent
472,637,450,2024-07-26,13866,Accepted
473,638,432,2024-07-26,13453,Sent
474,640,997,2024-06-11,17424,Accepted
475,643,747,2024-06-14,9690,Accepted
476,644,520,2024-08-11,14639,Accepted
477,646,1278,2024-08-19,15696,Sent
478,647,1134,2024-05-07,20089,Accepted
479,648,1104,2024-03-03,14604,Sent
480,649,1028,2024-01-30,11554,Accepted
481,650,950,2024-07-22,16305,Sent
482,653,284,2024-07-20,16276,Sent
483,653,9,2024-08-02,17262,Accepted
484,657,539,2024-07-24,19475,Accepted
485,659,252,2024-08-04,24299,Sent
486,659,165,2024-06-26,24373,Sent
487,659,1271,2024-07-31,23967,Accepted
488,660,756,2024-06-29,22140,Sent
489,660,943,2024-06-13,25705,Sent
490,660,414,2024-05-28,26053,Accepted
491,663,385,2024-07-04,20879,Sent
492,663,974,2024-06-01,25665,Accepted
493,667,654,2024-05-02,14155,Accepted
494,672,495,2024-07-19,14000,Accepted
495,676,1384,2024-04-29,15383,Sent
496,676,1244,2024-06-10,14625,Sent
497,676,849,2024-04-24,15176,Accepted
498,677,611,2024-07-30,12529,Accepted
499,680,964,2024-04-21,16259,Accepted
500,681,440,2024-06-22,17206,Accepted
501,683,550,2024-07-16,22892,Accepted
502,687,1162,2024-08-01,13361,Sent
503,687,898,2024-08-12,13825,Sent
504,687,1429,2024-08-06,14636,Sent
505,687,1386,2024-08-23,15214,Accepted
506,688,952,2024-05-15,16529,Accepted
507,689,1067,2024-02-13,18743,Accepted
508,693,882,2024-02-29,21426,Accepted
509,695,874,2024-08-18,21174,Sent
510,698,1455,2024-06-22,24278,Sent
511,698,667,2024-07-15,25651,Accepted
512,702,1029,2024-03-04,19402,Accepted
513,706,1357,2023-10-27,11859,Accepted
514,707,1189,2024-08-04,14535,Sent
515,707,830,2024-08-15,13036,Accepted
516,708,1171,2023-11-13,16681,Sent
517,709,430,2024-06-09,13309,Sent
518,709,765,2024-04-03,11211,Accepted
519,710,569,2024-04-10,11051,Sent
520,710,319,2024-02-02,11258,Sent
521,710,1077,2023-12-20,9622,Sent
522,710,850,2024-05-26,11729,Sent
523,710,1335,2024-01-08,11576,Sent
524,710,1195,2024-08-21,9714,Accepted
525,711,508,2024-04-10,17234,Sent
526,711,818,2024-03-31,17398,Sent
527,711,1343,2024-05-23,16768,Sent
528,711,738,2024-03-18,14594,Accepted
529,715,1427,2024-07-14,14670,Accepted
530,718,1316,2024-05-06,17938,Accepted
531,719,1276,2024-04-26,15792,Sent
532,719,498,2024-07-02,15369,Accepted
533,722,1112,2024-04-24,22680,Sent
534,722,5,2024-08-05,20495,Sent
535,722,1182,2024-05-29,21643,Accepted
536,723,234,2024-04-29,17812,Accepted
537,727,835,2024-04-08,23260,Sent
538,727,536,2024-02-06,19221,Sent
539,727,665,2024-06-07,21216,Sent
540,727,886,2024-02-14,22367,Accepted
541,728,1407,2024-08-26,22515,Sent
542,728,642,2024-08-24,22316,Accepted
543,731,1025,2024-08-11,25073,Sent
544,731,1498,2024-08-09,24670,Sent
545,731,376,2024-08-22,25173,Accepted
546,734,364,2024-08-05,25014,Accepted
547,737,516,2023-12-21,10932,Sent
548,737,708,2024-01-12,11745,Sent
549,737,1116,2024-04-23,10753,Accepted
550,741,1179,2024-08-15,10808,Sent
551,741,1040,2024-07-29,11058,Sent
552,741,1283,2024-06-03,11453,Accepted
553,742,311,2024-05-13,14620,Sent
554,742,191,2024-04-28,14046,Sent
555,742,481,2024-05-22,13391,Sent
556,742,1179,2024-04-26,13191,Sent
557,742,1157,2024-05-27,14429,Sent
558,742,843,2024-01-30,12305,Accepted
559,743,1228,2024-08-10,16504,Accepted
560,744,1080,2023-10-29,13267,Accepted
561,745,228,2024-07-01,10014,Sent
562,745,630,2024-08-12,10553,Accepted
563,746,459,2024-08-10,13071,Accepted
564,748,33,2024-04-05,13619,Sent
565,748,745,2024-07-13,12984,Sent
566,748,386,2024-08-05,13530,Accepted
567,750,44,2024-07-29,17418,Accepted
568,751,1214,2024-07-14,17909,Accepted
569,754,889,2023-10-30,20478,Sent
570,754,10,2024-02-20,20063,Accepted
571,758,314,2024-04-20,12810,Accepted
572,759,1471,2024-04-19,17598,Accepted
573,760,1095,2024-07-04,16895,Sent
574,760,63,2024-05-05,17152,Sent
575,760,585,2024-07-29,16728,Sent
576,760,783,2024-06-21,19778,Sent
577,760,343,2024-07-25,18308,Sent
578,760,1167,2024-07-30,19616,Sent
579,760,395,2024-05-13,18312,Sent
580,760,807,2024-06-26,16844,Accepted
581,762,1094,2024-08-05,21661,Accepted
582,767,1101,2024-08-09,19521,Sent
583,767,535,2024-08-22,22297,Sent
584,767,807,2024-08-14,22182,Accepted
585,768,212,2024-07-17,18985,Sent
586,768,1099,2024-08-18,21478,Accepted
587,769,749,2024-08-16,23769,Accepted
588,770,642,2024-04-01,20172,Sent
589,770,621,2024-02-05,22363,Sent
590,770,870,2024-03-02,24614,Accepted
591,771,547,2024-05-30,25174,Sent
592,771,843,2024-06-04,27473,Accepted
593,772,876,2024-08-18,18988,Accepted
594,773,1460,2024-03-18,17435,Sent
595,773,1047,2024-05-10,20177,Sent
596,773,1013,2024-06-17,17086,Accepted
597,774,139,2024-07-23,22664,Sent
598,774,975,2024-06-25,25123,Accepted
599,776,168,2024-07-11,22315,Sent
600,776,215,2024-04-25,25883,Accepted
601,777,1423,2024-08-24,9824,Sent
602,777,940,2024-08-23,10799,Accepted
603,781,255,2024-02-19,9841,Sent
604,781,357,2024-03-30,10084,Accepted
605,782,702,2024-03-31,15114,Accepted
606,786,1313,2024-08-08,12454,Accepted
607,787,364,2023-10-11,16142,Sent
608,787,212,2024-07-13,16323,Accepted
609,796,595,2024-08-18,16789,Accepted
610,801,406,2024-05-26,22032,Sent
611,801,635,2024-06-25,22788,Sent
612,801,906,2024-03-24,23782,Sent
613,805,834,2024-08-20,25637,Accepted
614,811,1064,2024-07-06,12678,Sent
615,811,1083,2024-07-11,12604,Sent
616,811,832,2023-11-14,13056,Sent
617,811,1417,2023-11-28,12570,Sent
618,811,687,2024-02-28,13719,Accepted
619,812,923,2024-06-21,10489,Accepted
620,816,962,2024-05-28,9657,Sent
621,817,612,2024-06-30,14563,Sent
622,817,1010,2024-03-07,13381,Sent
623,817,86,2024-04-12,14225,Accepted
624,818,1303,2024-02-27,16549,Sent
625,818,1157,2024-07-30,15802,Sent
626,818,277,2024-05-20,14293,Sent
627,818,1208,2024-03-21,15225,Accepted
628,821,926,2024-07-14,16393,Sent
629,823,307,2024-03-29,14556,Accepted
630,824,829,2024-05-28,20066,Sent
631,824,876,2024-05-31,19872,Accepted
632,827,486,2024-05-23,16806,Sent
633,827,728,2024-07-22,16762,Accepted
634,829,159,2024-08-01,12919,Accepted
635,830,882,2024-05-07,16302,Accepted
636,832,166,2024-03-25,16185,Sent
637,833,1018,2024-08-14,19326,Accepted
638,834,871,2024-07-09,16981,Sent
639,834,826,2024-07-06,17359,Accepted
640,835,708,2024-08-15,21512,Sent
641,835,557,2024-07-07,23274,Sent
642,837,62,2024-07-07,17947,Accepted
643,839,1415,2024-08-07,20261,Sent
644,839,1117,2024-08-15,18782,Accepted
645,842,369,2024-08-26,24360,Sent
646,842,1266,2024-08-12,25222,Sent
647,842,261,2024-08-10,24227,Sent
648,842,514,2024-07-13,26123,Sent
649,842,1005,2024-08-17,23166,Accepted
650,844,1186,2024-08-02,18003,Accepted
651,845,396,2024-08-03,21091,Sent
652,845,147,2024-07-26,25174,Accepted
653,846,1150,2023-11-16,28606,Accepted
654,847,269,2024-05-19,25394,Accepted
655,851,723,2024-05-26,12887,Sent
656,851,1240,2024-05-06,12427,Accepted
657,852,186,2024-07-26,10321,Accepted
658,856,1281,2024-02-07,11069,Accepted
659,857,1022,2024-08-18,14240,Sent
660,857,1494,2024-08-05,13245,Accepted
661,859,771,2024-02-07,14989,Accepted
662,862,1139,2024-06-02,12689,Sent
663,865,50,2024-08-12,17375,Accepted
664,868,1434,2024-07-19,20888,Accepted
665,870,663,2024-07-24,20703,Sent
666,870,1130,2024-06-29,20852,Accepted
667,871,1156,2024-04-09,26390,Sent
668,871,1347,2024-01-02,24835,Sent
669,871,662,2023-10-08,25445,Sent
670,872,522,2023-11-05,24021,Sent
671,872,122,2024-01-26,20664,Sent
672,872,881,2024-07-03,22047,Sent
673,872,1239,2024-06-17,20146,Sent
674,872,1256,2023-12-01,24501,Accepted
675,874,913,2023-12-08,19379,Sent
676,877,832,2024-06-17,28042,Accepted
677,879,543,2024-08-19,10812,Sent
678,879,465,2024-05-06,11678,Sent
679,879,832,2024-06-04,10601,Accepted
680,880,429,2024-08-26,14032,Accepted
681,883,1430,2024-02-06,11648,Sent
682,883,715,2024-06-11,10498,Accepted
683,887,1177,2024-06-25,11427,Accepted
684,888,1030,2024-07-22,12190,Accepted
685,889,592,2024-01-15,14236,Sent
686,889,1314,2023-11-12,15674,Sent
687,889,1467,2023-11-21,13841,Accepted
688,890,141,2024-05-22,11875,Sent
689,890,1122,2024-05-01,12185,Accepted
690,892,1474,2024-07-31,14686,Sent
691,892,1421,2024-07-12,17221,Accepted
692,893,1463,2024-07-04,15767,Accepted
693,896,264,2024-03-04,24703,Sent
694,896,18,2024-02-16,24461,Sent
695,897,747,2024-08-01,15855,Sent
696,897,343,2024-07-09,14932,Sent
697,897,420,2024-08-05,14493,Accepted
698,898,459,2024-07-29,16341,Sent
699,898,464,2024-07-08,18160,Sent
700,898,185,2024-08-19,15926,Sent
701,898,436,2024-05-04,15298,Sent
702,900,17,2024-04-04,14013,Accepted
703,901,937,2024-01-23,17406,Sent
704,901,637,2023-11-14,16768,Sent
705,901,1139,2024-03-04,15707,Accepted
706,903,328,2024-07-17,16965,Sent
707,903,215,2024-08-08,17578,Accepted
708,905,943,2024-05-11,20261,Sent
709,905,381,2024-02-06,18350,Accepted
710,907,253,2024-05-01,16849,Sent
711,907,349,2024-05-15,19763,Sent
712,907,367,2024-06-15,17933,Sent
713,907,924,2024-07-09,18234,Sent
714,907,628,2024-07-13,17440,Accepted
715,908,1446,2024-07-02,18555,Accepted
716,909,164,2024-03-01,19310,Sent
717,909,1106,2024-05-10,21429,Accepted
718,912,851,2024-07-22,20239,Sent
719,912,1073,2024-05-04,20827,Sent
720,913,223,2024-08-08,23274,Accepted
721,915,982,2024-06-14,18827,Accepted
722,918,154,2024-04-09,25225,Accepted
723,919,272,2024-03-11,10863,Accepted
724,921,854,2024-07-28,13975,Sent
725,921,394,2024-06-13,14939,Sent
726,921,1149,2024-05-28,15125,Accepted
727,923,224,2024-07-12,10148,Accepted
728,924,395,2024-06-28,17778,Sent
729,924,185,2024-07-20,17117,Sent
730,924,681,2024-06-22,16209,Sent
731,924,1171,2024-08-06,17681,Sent
732,926,842,2024-01-01,13261,Accepted
733,928,985,2024-03-21,13537,Sent
734,928,378,2024-03-15,14406,Sent
735,928,708,2024-06-03,12604,Sent
736,928,147,2024-04-23,12877,Sent
737,929,182,2024-08-09,17886,Accepted
738,930,363,2024-08-25,17071,Sent
739,930,11,2024-08-19,14429,Sent
740,930,1046,2024-08-24,17642,Sent
741,930,275,2024-08-18,16954,Sent
742,930,1215,2024-08-17,14414,Sent
743,930,701,2024-08-23,15037,Accepted
744,931,963,2024-04-13,19428,Sent
745,931,1038,2024-08-05,21480,Sent
746,931,1305,2024-05-02,20947,Accepted
747,933,966,2024-07-30,13198,Accepted
748,934,874,2024-04-02,18216,Sent
749,934,458,2023-12-19,15631,Accepted
750,937,1277,2024-02-05,16949,Accepted
751,939,191,2024-08-13,24221,Sent
752,939,156,2024-08-23,21326,Sent
753,939,1172,2024-08-10,24391,Accepted
754,941,1106,2024-01-04,19935,Accepted
755,943,356,2024-07-11,20843,Sent
756,943,1109,2024-03-18,21372,Accepted
757,944,1081,2024-07-19,23949,Sent
758,944,1131,2024-08-10,25743,Sent
759,944,1016,2024-06-19,24532,Sent
760,944,1015,2024-08-19,24843,Accepted
761,945,33,2024-07-03,19437,Sent
762,945,407,2023-11-06,19875,Sent
763,945,800,2024-01-17,20213,Sent
764,955,284,2024-08-08,13657,Sent
765,955,1442,2024-08-03,12373,Sent
766,955,1210,2024-07-29,14776,Sent
767,955,1448,2024-08-19,12687,Accepted
768,957,1180,2024-08-25,13684,Sent
769,957,338,2024-08-25,12877,Sent
770,957,320,2024-08-26,11817,Sent
771,957,15,2024-08-25,13627,Sent
772,961,804,2023-12-26,13648,Sent
773,961,510,2024-08-19,13671,Sent
774,961,230,2023-11-07,13056,Accepted
775,962,66,2024-08-09,15098,Sent
776,962,1380,2024-08-19,15414,Accepted
777,963,175,2024-08-15,17772,Accepted
778,964,337,2024-08-01,15788,Sent
779,966,286,2024-08-09,17739,Sent
780,966,748,2024-07-27,19135,Sent
781,966,1403,2024-08-16,20940,Accepted
782,967,1358,2024-01-15,23177,Sent
783,967,521,2024-04-07,22406,Sent
784,967,805,2024-05-27,21843,Accepted
785,972,181,2024-04-02,16780,Accepted
786,975,86,2024-04-28,21033,Sent
787,975,35,2024-03-09,21011,Sent
788,975,1253,2024-04-15,19684,Sent
789,975,307,2024-04-07,22137,Accepted
790,976,192,2024-08-09,18936,Sent
791,977,34,2024-05-22,20188,Accepted
792,978,406,2024-08-10,18652,Sent
793,979,45,2024-04-01,20442,Sent
794,979,98,2024-06-03,19217,Accepted
795,982,1273,2024-07-17,22425,Sent
796,984,1432,2023-11-04,27668,Sent
797,984,146,2024-06-29,24071,Accepted
798,985,481,2023-11-30,20661,Sent
799,985,1147,2023-11-12,20221,Sent
800,985,1379,2024-04-06,18732,Accepted
801,986,809,2024-07-30,20155,Sent
802,986,1334,2024-08-21,18239,Accepted
803,989,924,2024-02-05,23600,Accepted
804,990,684,2024-05-05,11005,Accepted
805,991,159,2024-06-30,13329,Accepted
806,992,1481,2024-07-29,14327,Sent
807,994,1022,2024-03-22,11232,Accepted
808,995,792,2024-08-24,15152,Sent
809,995,605,2024-07-24,17493,Accepted
810,996,1343,2024-03-04,14348,Accepted
811,997,1149,2024-07-09,12060,Sent
812,997,670,2024-07-18,13281,Sent
813,997,497,2024-08-07,12438,Accepted
814,1005,148,2024-07-23,17204,Accepted
815,1008,901,2024-06-29,16721,Accepted
816,1010,1084,2024-08-17,21169,Sent
817,1010,187,2024-08-25,20447,Accepted
818,1015,653,2024-07-14,21846,Sent
819,1015,1322,2024-08-12,25639,Sent
820,1015,658,2024-06-20,23280,Sent
821,1015,261,2024-08-05,25362,Sent
822,1015,550,2024-08-14,25769,Accepted
823,1018,416,2024-07-31,22814,Accepted
824,1019,236,2024-04-21,25398,Accepted
825,1024,1385,2024-04-15,12329,Accepted
826,1026,1173,2024-05-05,14242,Accepted
827,1031,680,2024-05-10,16750,Sent
828,1031,802,2024-06-27,15770,Sent
829,1031,1089,2024-05-10,13722,Accepted
830,1033,1431,2024-07-16,12924,Accepted
831,1035,225,2024-03-07,17750,Accepted
832,1037,56,2024-06-15,17817,Sent
833,1037,508,2024-05-28,21691,Accepted
834,1039,771,2024-06-02,15970,Sent
835,1039,408,2024-08-19,17485,Sent
836,1039,164,2024-06-28,15305,Sent
837,1040,129,2024-08-02,16586,Accepted
838,1041,1029,2024-05-14,14727,Accepted
839,1043,324,2024-07-08,16121,Accepted
840,1044,1080,2024-04-30,16945,Accepted
841,1045,973,2024-01-08,16682,Sent
842,1045,42,2024-05-26,17553,Accepted
843,1048,591,2024-08-22,23756,Accepted
844,1049,213,2024-05-22,18389,Sent
845,1049,215,2024-07-08,16148,Sent
846,1049,1413,2024-01-23,17878,Accepted
847,1050,215,2024-06-28,20409,Sent
848,1050,458,2024-06-11,18477,Sent
849,1050,512,2024-08-10,19510,Sent
850,1050,630,2024-06-18,17948,Accepted
851,1052,616,2024-06-15,19825,Accepted
852,1053,1306,2024-08-08,25762,Sent
853,1053,714,2024-06-17,25238,Sent
854,1053,403,2024-08-07,23959,Accepted
855,1056,1455,2024-08-05,19894,Sent
856,1056,1297,2024-07-15,18718,Accepted
857,1059,1197,2024-07-16,23688,Accepted
858,1060,1168,2024-06-03,24762,Accepted
859,1062,26,2024-08-26,13912,Sent
860,1062,530,2024-07-30,12115,Sent
861,1062,736,2024-08-11,14291,Accepted
862,1063,1139,2024-02-19,16461,Sent
863,1063,935,2024-08-08,16217,Sent
864,1063,665,2024-06-30,14120,Sent
865,1063,801,2024-05-05,13946,Accepted
866,1064,520,2024-08-10,12169,Accepted
867,1067,1279,2024-08-09,13021,Sent
868,1067,550,2024-08-03,15128,Sent
869,1067,757,2024-07-24,12934,Accepted
870,1068,447,2024-08-02,12683,Accepted
871,1070,232,2024-08-20,12049,Accepted
872,1073,946,2024-05-09,17753,Accepted
873,1075,907,2024-03-27,11823,Sent
874,1075,1441,2024-06-04,13080,Sent
875,1075,1063,2024-08-08,13826,Accepted
876,1076,1078,2024-08-25,16902,Sent
877,1076,550,2024-06-16,17252,Accepted
878,1080,126,2024-07-25,18003,Sent
879,1080,1278,2024-08-03,17718,Sent
880,1080,1144,2024-05-27,19717,Accepted
881,1081,43,2024-02-06,23770,Accepted
882,1083,58,2024-07-11,20521,Sent
883,1083,52,2024-05-16,20172,Accepted
884,1084,1253,2024-04-13,23510,Sent
885,1084,615,2024-04-25,25856,Sent
886,1084,160,2024-07-04,24192,Sent
887,1085,1397,2024-08-26,20604,Accepted
888,1087,593,2024-01-04,20045,Sent
889,1087,1042,2023-12-26,19432,Sent
890,1087,1486,2024-07-25,20625,Sent
891,1087,5,2024-08-26,18464,Accepted
892,1088,923,2024-07-18,17434,Accepted
893,1090,1297,2024-08-17,26476,Accepted
894,1092,951,2024-02-21,10840,Sent
895,1092,441,2024-04-15,10402,Accepted
896,1095,621,2024-08-21,13629,Sent
897,1099,1433,2024-08-06,11717,Accepted
898,1105,624,2024-05-10,14833,Accepted
899,1106,549,2024-05-01,16443,Sent
900,1107,1352,2024-03-15,14420,Sent
901,1107,1155,2024-03-06,15892,Sent
902,1107,1375,2024-01-31,14583,Sent
903,1115,619,2024-08-14,19179,Accepted
904,1117,840,2024-08-17,19442,Accepted
905,1118,799,2024-07-20,19738,Accepted
906,1119,596,2024-07-28,20947,Accepted
907,1120,994,2024-06-14,18543,Accepted
908,1121,1061,2024-08-21,18782,Accepted
909,1122,1181,2024-08-22,21306,Accepted
910,1123,288,2024-07-03,21655,Accepted
911,1124,928,2024-05-26,22387,Accepted
912,1126,1432,2024-05-07,23218,Accepted
913,1128,645,2024-08-26,17326,Sent
914,1128,1209,2024-08-26,19474,Accepted
915,1129,779,2023-12-23,25622,Sent
916,1129,934,2023-11-05,22909,Accepted
917,1131,1427,2024-05-27,24257,Accepted
918,1132,1152,2024-07-28,10912,Accepted
919,1133,167,2024-07-16,13656,Accepted
920,1135,698,2024-05-30,11343,Sent
921,1135,817,2023-10-18,11412,Sent
922,1135,523,2024-07-16,13610,Sent
923,1135,502,2024-07-13,11450,Accepted
924,1136,930,2024-07-03,10673,Sent
925,1136,318,2024-04-24,10705,Accepted
926,1148,1492,2024-02-14,18566,Accepted
927,1150,1226,2024-01-30,15508,Accepted
928,1151,1452,2024-02-11,17288,Accepted
929,1153,578,2024-08-21,21426,Accepted
930,1154,538,2024-07-27,21681,Accepted
931,1156,1107,2024-08-13,24744,Accepted
932,1161,1358,2024-07-26,26789,Sent
933,1163,829,2024-06-22,10460,Sent
934,1163,1273,2024-07-24,11214,Accepted
935,1164,606,2024-03-12,13500,Accepted
936,1167,412,2024-08-22,10077,Accepted
937,1169,371,2024-07-22,15673,Accepted
938,1172,888,2024-08-22,14160,Accepted
939,1175,1011,2024-07-26,13673,Sent
940,1175,337,2024-07-02,13139,Accepted
941,1177,4,2024-08-23,16765,Accepted
942,1178,673,2024-08-17,17817,Sent
943,1178,237,2024-06-20,16664,Sent
944,1178,759,2024-07-20,15273,Accepted
945,1180,863,2024-08-18,21806,Sent
946,1180,356,2024-08-23,21251,Accepted
947,1181,391,2024-07-02,17324,Accepted
948,1186,875,2024-05-11,17342,Accepted
949,1188,420,2024-06-27,20185,Accepted
950,1190,1103,2024-04-14,22696,Accepted
951,1192,1077,2024-06-07,21151,Sent
952,1192,1159,2024-07-29,21479,Accepted
953,1193,197,2024-04-16,20997,Accepted
954,1194,617,2024-03-04,21763,Accepted
955,1195,895,2024-06-21,23038,Accepted
956,1196,432,2024-08-01,23947,Sent
957,1196,181,2024-06-30,21352,Sent
958,1196,91,2024-07-17,24023,Sent
959,1196,652,2024-07-06,20088,Sent
960,1197,250,2024-08-23,27241,Sent
961,1197,1126,2024-08-20,24817,Sent
962,1199,285,2024-07-03,18216,Sent
963,1199,447,2024-07-28,17083,Accepted
964,1200,554,2024-07-29,24826,Sent
965,1200,1158,2024-06-19,24775,Sent
966,1200,215,2024-08-24,21262,Accepted
967,1203,642,2024-04-28,11654,Accepted
968,1204,790,2024-07-15,12722,Sent
969,1204,1404,2024-06-09,12006,Sent
970,1204,827,2024-07-05,13590,Sent
971,1204,1177,2024-08-06,13983,Accepted
972,1205,139,2024-07-25,14647,Accepted
973,1207,1038,2024-05-10,11010,Accepted
974,1208,1084,2024-07-04,14430,Sent
975,1208,223,2024-05-28,15264,Sent
976,1208,996,2024-05-18,15091,Accepted
977,1210,78,2024-04-25,12016,Accepted
978,1212,1030,2024-06-05,13578,Sent
979,1213,491,2024-07-19,17836,Sent
980,1213,1347,2024-06-04,16320,Sent
981,1213,838,2024-06-05,17158,Sent
982,1213,401,2024-06-21,18278,Sent
983,1213,481,2024-07-01,17666,Accepted
984,1214,56,2024-06-15,15251,Sent
985,1215,576,2024-07-12,20567,Sent
986,1215,68,2024-07-04,17749,Sent
987,1215,328,2024-07-31,19445,Accepted
988,1217,122,2024-08-13,12775,Accepted
989,1220,1067,2024-08-24,20359,Accepted
990,1221,1172,2024-04-29,16906,Sent
991,1221,1045,2024-07-18,15313,Accepted
992,1223,563,2024-08-04,23982,Sent
993,1223,428,2024-08-14,23774,Sent
994,1224,700,2024-03-20,19634,Sent
995,1224,1350,2024-02-13,20173,Accepted
996,1225,366,2024-07-08,22372,Accepted
997,1226,1007,2024-05-08,24977,Sent
998,1226,917,2024-03-16,24579,Sent
999,1226,261,2024-07-07,25787,Sent
1000,1226,571,2024-07-15,23530,Sent
1001,1226,736,2024-08-22,24285,Accepted
1002,1227,1410,2024-08-07,22353,Accepted
1003,1228,641,2024-07-28,25377,Accepted
1004,1229,1434,2024-02-16,21663,Sent
1005,1229,1310,2024-02-07,18580,Sent
1006,1229,822,2024-07-29,18267,Accepted
1007,1230,460,2024-08-23,19796,Accepted
1008,1231,1202,2024-07-19,24200,Sent
1009,1231,842,2024-06-17,25330,Accepted
1010,1232,156,2024-07-04,23522,Sent
1011,1232,1148,2024-08-19,28279,Accepted
1012,1234,155,2024-05-11,10772,Sent
1013,1235,586,2024-04-11,14286,Sent
1014,1235,336,2024-04-15,13873,Sent
1015,1235,463,2024-07-24,12787,Accepted
1016,1238,905,2024-03-18,11579,Sent
1017,1238,290,2024-06-26,11587,Sent
1018,1238,760,2024-06-04,9848,Accepted
1019,1239,373,2024-07-15,12053,Accepted
1020,1240,1243,2024-03-13,13981,Sent
1021,1240,555,2024-08-06,15324,Sent
1022,1240,125,2024-05-04,14335,Sent
1023,1240,764,2024-04-16,16270,Accepted
1024,1241,233,2024-05-17,11745,Sent
1025,1241,1361,2024-08-08,13151,Accepted
1026,1246,167,2024-08-14,14427,Accepted
1027,1248,1393,2024-03-27,18337,Accepted
1028,1249,69,2024-06-03,16852,Accepted
1029,1251,621,2023-11-16,21851,Accepted
1030,1252,958,2024-05-30,16838,Sent
1031,1252,1421,2024-07-27,16497,Accepted
1032,1254,45,2024-06-19,15607,Accepted
1033,1255,878,2024-08-23,14995,Accepted
1034,1257,1187,2024-08-17,18657,Sent
1035,1257,387,2024-08-16,17781,Accepted
1036,1259,768,2024-07-31,20582,Accepted
1037,1260,396,2024-07-31,18261,Accepted
1038,1262,788,2024-01-15,17697,Sent
1039,1262,15,2024-03-31,17099,Sent
1040,1262,69,2024-01-25,16979,Sent
1041,1262,1229,2024-04-20,18407,Accepted
1042,1263,39,2023-11-30,18293,Sent
1043,1263,1414,2024-08-10,21779,Sent
1044,1263,1191,2023-11-13,19399,Accepted
1045,1264,1109,2024-06-30,22315,Accepted
1046,1265,1477,2024-08-05,21157,Sent
1047,1265,1471,2024-03-27,20741,Accepted
1048,1267,161,2023-11-20,21628,Sent
1049,1267,870,2024-08-08,22105,Accepted
1050,1268,984,2024-08-04,23389,Sent
1051,1268,1140,2024-07-10,27451,Sent
1052,1268,672,2024-07-10,24522,Sent
1053,1268,279,2024-08-08,27522,Sent
1054,1269,664,2024-08-16,19404,Accepted
1055,1271,128,2024-06-22,22554,Accepted
1056,1275,428,2024-08-25,14430,Accepted
1057,1277,1175,2024-08-04,12133,Sent
1058,1277,1342,2024-03-12,11347,Sent
1059,1277,403,2024-06-20,12014,Sent
1060,1277,184,2024-04-22,12714,Accepted
1061,1282,344,2024-03-17,10107,Accepted
1062,1284,1432,2024-02-19,17785,Accepted
1063,1285,549,2024-08-10,17525,Sent
1064,1287,656,2024-07-30,13205,Accepted
1065,1288,402,2024-07-15,11812,Accepted
1066,1289,1243,2024-08-23,15441,Accepted
1067,1290,1224,2024-02-20,22493,Accepted
1068,1292,1311,2024-06-17,16173,Sent
1069,1292,830,2024-08-05,16073,Accepted
1070,1299,92,2024-08-02,25848,Accepted
1071,1302,1356,2024-08-04,23517,Sent
1072,1302,1471,2024-02-02,22361,Accepted
1073,1307,29,2024-08-26,15139,Accepted
1074,1310,613,2024-05-25,12163,Accepted
1075,1311,608,2024-08-17,16182,Sent
1076,1311,527,2024-08-23,15672,Accepted
1077,1312,1019,2024-01-24,13175,Sent
1078,1312,388,2024-07-11,13718,Sent
1079,1312,41,2024-02-13,12647,Accepted
1080,1313,979,2024-07-28,10033,Accepted
1081,1314,739,2024-03-16,14390,Accepted
1082,1315,821,2024-08-17,16599,Accepted
1083,1316,543,2024-03-27,12867,Sent
1084,1316,649,2024-07-13,13721,Accepted
1085,1320,509,2024-05-06,14718,Sent
1086,1320,823,2024-05-11,16005,Accepted
1087,1324,480,2024-03-12,16672,Sent
1088,1324,144,2023-10-14,18794,Accepted
1089,1325,516,2024-08-25,14063,Accepted
1090,1329,1298,2024-01-09,17785,Accepted
1091,1330,193,2024-07-21,20442,Sent
1092,1330,918,2024-07-09,20178,Accepted
1093,1332,747,2024-08-02,23340,Accepted
1094,1334,65,2024-03-27,19068,Accepted
1095,1337,422,2024-07-09,24767,Sent
1096,1337,1419,2024-06-19,24019,Accepted
1097,1339,568,2024-05-06,23603,Accepted
1098,1341,1163,2024-02-27,17105,Accepted
1099,1342,14,2024-01-01,21188,Accepted
1100,1345,1216,2023-11-25,10694,Accepted
1101,1346,90,2024-07-04,14567,Sent
1102,1346,25,2024-05-19,12882,Accepted
1103,1347,314,2024-08-02,16344,Accepted
1104,1348,917,2024-08-07,13223,Accepted
1105,1351,949,2024-08-24,15715,Sent
1106,1351,961,2024-07-20,15516,Accepted
1107,1352,640,2023-11-15,11950,Accepted
1108,1353,1467,2024-07-30,9939,Accepted
1109,1357,630,2024-06-27,20923,Accepted
1110,1361,824,2024-06-10,21556,Sent
1111,1361,1460,2024-08-07,22719,Accepted
1112,1362,762,2024-07-28,18990,Sent
1113,1362,290,2024-07-09,19611,Accepted
1114,1363,1115,2024-05-25,14685,Sent
1115,1363,25,2024-06-18,17062,Sent
1116,1363,763,2024-06-24,17724,Accepted
1117,1364,376,2024-04-02,19583,Accepted
1118,1366,117,2024-06-27,20854,Accepted
1119,1367,1404,2024-07-28,22351,Accepted
1120,1368,753,2024-08-11,25213,Sent
1121,1368,1054,2024-08-01,27240,Sent
1122,1368,556,2024-08-26,23868,Accepted
1123,1369,854,2024-08-24,20242,Sent
1124,1369,45,2024-08-19,23519,Accepted
1125,1370,1436,2024-08-13,23411,Sent
1126,1370,293,2024-08-13,21955,Sent
1127,1370,1486,2024-08-04,22674,Sent
1128,1370,361,2024-08-09,23553,Accepted
1129,1373,463,2024-08-26,23261,Accepted
1130,1374,146,2024-06-27,25776,Accepted
1131,1375,732,2024-06-25,26006,Sent
1132,1375,110,2024-07-17,25747,Sent
1133,1375,1364,2023-11-04,21771,Accepted
1134,1382,1358,2024-07-01,16387,Accepted
1135,1383,863,2024-08-26,13726,Sent
1136,1383,1417,2024-08-24,11393,Accepted
1137,1384,377,2024-05-23,9930,Sent
1138,1384,297,2024-01-01,11640,Sent
1139,1384,350,2024-02-21,9802,Accepted
1140,1385,1294,2024-02-01,13446,Accepted
1141,1388,1157,2024-06-13,13245,Sent
1142,1388,906,2024-07-17,15834,Sent
1143,1388,648,2024-04-21,13493,Accepted
1144,1392,1386,2024-05-28,20730,Accepted
1145,1393,1309,2024-04-22,21869,Sent
1146,1393,488,2024-07-26,23210,Accepted
1147,1395,130,2024-07-30,15303,Accepted
1148,1397,1104,2024-08-23,15164,Accepted
1149,1398,347,2024-07-10,15096,Sent
1150,1398,63,2024-07-30,14405,Accepted
1151,1399,712,2024-06-29,18266,Accepted
1152,1401,1097,2024-02-07,20265,Accepted
1153,1408,285,2024-02-22,26533,Sent
1154,1408,339,2024-07-05,24543,Sent
1155,1408,992,2024-05-30,24892,Sent
1156,1408,792,2024-05-09,21801,Accepted
1157,1411,750,2024-01-18,19697,Accepted
1158,1413,954,2024-08-15,22819,Sent
1159,1413,1059,2024-08-23,21132,Sent
1160,1413,281,2024-08-06,21343,Accepted
1161,1414,677,2024-07-04,26949,Accepted
1162,1416,920,2024-07-10,11425,Sent
1163,1416,763,2024-05-26,10845,Sent
1164,1416,756,2024-04-26,11396,Accepted
1165,1417,570,2024-06-30,13670,Accepted
1166,1419,1332,2024-04-13,12579,Sent
1167,1419,1126,2024-05-13,11821,Sent
1168,1419,168,2024-05-22,11881,Sent
1169,1419,1117,2024-04-24,12147,Accepted
1170,1420,1078,2024-07-11,10947,Accepted
1171,1422,1483,2024-08-23,13075,Accepted
1172,1423,676,2023-12-15,13161,Sent
1173,1423,241,2024-03-29,13510,Sent
1174,1423,1206,2024-04-25,13209,Sent
1175,1423,424,2024-07-21,13202,Accepted
1176,1424,565,2024-08-24,10313,Accepted
1177,1430,356,2024-03-16,13530,Sent
1178,1431,980,2024-02-15,17517,Accepted
1179,1432,1311,2024-08-13,20116,Accepted
1180,1433,894,2024-07-11,20316,Sent
1181,1433,769,2024-05-29,18507,Sent
1182,1433,1293,2024-08-05,20133,Sent
1183,1433,146,2024-08-14,19023,Sent
1184,1433,317,2024-08-25,17164,Sent
1185,1433,450,2024-08-02,17043,Accepted
1186,1434,897,2024-07-31,15716,Sent
1187,1434,350,2024-07-25,15020,Sent
1188,1434,530,2024-07-25,16452,Accepted
1189,1437,509,2024-08-17,20215,Accepted
1190,1442,54,2023-11-06,20795,Accepted
1191,1443,426,2024-03-26,17813,Accepted
1192,1444,926,2024-01-25,25196,Accepted
1193,1445,758,2024-08-10,26895,Sent
1194,1445,840,2024-08-18,25303,Sent
1195,1445,266,2024-08-18,27832,Sent
1196,1445,567,2024-08-19,24096,Sent
1197,1449,1097,2024-06-15,15425,Sent
1198,1451,1148,2024-04-28,10392,Sent
1199,1451,486,2024-06-17,11273,Sent
1200,1451,1459,2024-05-28,11274,Accepted
1201,1454,899,2024-08-04,13852,Accepted
1202,1457,596,2024-01-23,16705,Accepted
1203,1459,1474,2024-07-04,14611,Sent
1204,1459,297,2024-07-22,15560,Accepted
1205,1460,542,2024-07-02,16055,Sent
1206,1460,250,2024-05-08,15251,Sent
1207,1460,334,2024-05-27,16949,Accepted
1208,1461,448,2024-07-29,15360,Sent
1209,1462,797,2024-07-07,15970,Accepted
1210,1464,537,2024-08-10,24252,Accepted
1211,1465,215,2024-01-28,17174,Accepted
1212,1467,561,2023-12-16,14697,Accepted
1213,1470,1384,2024-05-09,18387,Accepted
1214,1471,696,2024-06-20,18405,Sent
1215,1471,374,2024-06-26,18740,Sent
1216,1477,1348,2024-08-26,21109,Accepted
1217,1479,269,2024-08-26,23979,Accepted
1218,1481,1055,2024-08-26,22642,Accepted
1219,1483,1296,2023-10-27,19284,Accepted
1220,1484,222,2024-07-15,22993,Sent
1221,1484,137,2024-08-17,24269,Accepted
1222,1486,1002,2024-05-23,25708,Sent
1223,1486,138,2024-08-18,24069,Sent
1224,1486,170,2024-08-07,25255,Accepted
1225,1487,588,2024-03-15,11280,Sent
1226,1487,1447,2024-01-21,9817,Accepted
1227,1488,976,2023-11-25,13236,Accepted
1228,1492,672,2024-04-08,16845,Accepted
1229,1493,256,2023-11-27,12949,Accepted
1230,1494,38,2024-08-19,12468,Sent
1231,1494,872,2024-05-25,12663,Accepted
1232,1499,1227,2024-08-22,17867,Accepted
1233,1500,1312,2024-05-13,15774,Sent
1234,1500,13,2024-05-20,15257,Sent
1235,1500,1290,2024-04-27,13525,Accepted
1236,1501,425,2024-06-19,11228,Sent
1237,1501,22,2024-03-13,11540,Accepted
1238,1507,1024,2024-08-17,20409,Sent
1239,1507,1457,2024-08-16,20910,Sent
1240,1507,225,2024-08-21,24693,Sent
1241,1507,175,2024-08-25,23448,Sent
1242,1507,87,2024-08-23,24382,Accepted
1243,1510,1006,2024-03-08,27555,Accepted
1244,1511,1424,2024-01-15,21721,Sent
1245,1511,496,2024-07-11,24563,Accepted
1246,1512,1226,2024-08-02,21775,Sent
1247,1512,1261,2024-08-23,25161,Sent
1248,1512,229,2024-08-18,23870,Sent
1249,1512,1347,2024-08-20,23677,Sent
1250,1515,695,2024-04-04,22831,Sent
1251,1515,1083,2024-06-08,21810,Sent
1252,1515,632,2024-05-14,21911,Sent
1253,1515,283,2024-07-11,24405,Accepted
1254,1517,1035,2024-08-01,26254,Accepted
1255,1518,90,2024-07-04,9786,Accepted
1256,1519,717,2024-07-16,12482,Sent
1257,1519,903,2024-08-08,12982,Sent
1258,1519,597,2024-07-30,12224,Sent
1259,1519,1122,2024-07-25,14074,Accepted
1260,1521,1154,2024-05-14,13250,Sent
1261,1521,675,2023-09-11,13124,Sent
1262,1521,646,2024-05-19,11366,Sent
1263,1521,96,2023-09-18,12057,Sent
1264,1521,39,2024-06-26,11407,Sent
1265,1521,840,2024-07-10,13260,Accepted
1266,1523,560,2024-03-18,14437,Accepted
1267,1524,1161,2024-08-07,13829,Accepted
1268,1525,211,2024-02-21,12415,Sent
1269,1525,760,2024-07-31,13364,Accepted
1270,1527,1311,2024-06-04,14578,Accepted
1271,1530,751,2024-04-26,14615,Sent
1272,1530,1329,2024-08-05,15707,Accepted
1273,1531,1453,2024-07-30,15565,Sent
1274,1531,1245,2024-08-09,16086,Sent
1275,1531,489,2024-08-26,17133,Sent
1276,1531,1199,2024-08-21,16511,Sent
1277,1531,1000,2024-07-30,14834,Accepted
1278,1533,248,2024-06-21,16961,Accepted
1279,1534,1442,2024-02-08,18669,Accepted
1280,1535,675,2024-06-11,21853,Accepted
1281,1539,1086,2024-01-01,15808,Accepted
1282,1542,1265,2024-02-09,17544,Accepted
1283,1543,1424,2024-08-26,18804,Sent
1284,1543,1467,2024-08-26,21607,Sent
1285,1543,1312,2024-08-25,19604,Accepted
1286,1545,155,2024-03-07,22455,Accepted
1287,1547,1471,2024-05-03,19728,Sent
1288,1547,537,2024-08-14,18979,Sent
1289,1547,1018,2024-07-23,21555,Accepted
1290,1548,387,2024-02-14,19996,Accepted
1291,1550,867,2023-09-25,21721,Accepted
1292,1552,476,2024-02-25,23242,Sent
1293,1552,864,2024-07-14,26032,Sent
1294,1552,103,2024-05-23,25852,Sent
1295,1552,142,2024-04-28,23142,Sent
1296,1552,1315,2024-01-21,23548,Accepted
1297,1557,1202,2024-06-18,23432,Accepted
1298,1558,175,2024-08-12,11679,Accepted
1299,1561,589,2024-07-30,12206,Accepted
1300,1564,612,2024-08-23,13299,Accepted
1301,1565,1067,2024-07-24,11549,Sent
1302,1567,800,2024-02-04,14785,Sent
1303,1567,1226,2024-02-15,13435,Sent
1304,1567,1061,2023-12-31,14543,Accepted
1305,1569,1020,2024-08-24,15721,Sent
1306,1569,710,2024-08-03,16324,Accepted
1307,1575,1065,2024-02-17,18430,Sent
1308,1575,1446,2024-07-09,20471,Accepted
1309,1578,277,2024-07-19,21809,Sent
1310,1578,241,2024-03-29,20559,Sent
1311,1578,44,2024-07-20,20112,Accepted
1312,1581,1448,2024-03-02,23469,Sent
1313,1581,1497,2024-04-01,25272,Sent
1314,1581,960,2024-03-31,25381,Accepted
1315,1586,881,2023-10-15,24566,Sent
1316,1586,217,2024-08-22,22739,Sent
1317,1586,1337,2024-06-20,22705,Accepted
1318,1587,1008,2024-01-30,25913,Accepted
1319,1588,269,2024-08-04,25854,Accepted
1320,1590,1177,2024-08-18,13359,Accepted
1321,1591,1439,2024-08-03,14750,Sent
1322,1592,1456,2024-03-20,13055,Sent
1323,1592,170,2024-01-19,13356,Sent
1324,1592,392,2024-06-18,13759,Accepted
1325,1594,660,2024-08-23,12153,Sent
1326,1594,233,2024-05-05,14637,Accepted
1327,1595,1453,2023-10-17,15230,Accepted
1328,1596,238,2023-11-16,11890,Accepted
1329,1597,347,2024-06-27,10499,Accepted
1330,1598,378,2024-01-29,12853,Sent
1331,1598,1091,2023-12-26,13021,Accepted
1332,1600,1351,2024-07-13,12893,Accepted
1333,1602,514,2024-06-16,17768,Sent
1334,1604,699,2024-08-13,15615,Sent
1335,1604,1072,2024-08-24,15197,Accepted
1336,1608,480,2024-08-24,16495,Accepted
1337,1609,1427,2024-05-11,14512,Sent
1338,1609,1480,2024-08-23,15317,Accepted
1339,1610,249,2024-08-15,14817,Accepted
1340,1615,1143,2024-05-01,20504,Accepted
1341,1616,82,2024-07-30,21957,Sent
1342,1616,1409,2024-07-25,19917,Sent
1343,1616,26,2024-08-02,22459,Accepted
1344,1619,109,2024-04-16,22689,Accepted
1345,1620,1166,2024-07-30,22769,Accepted
1346,1621,637,2024-08-13,22346,Sent
1347,1621,176,2024-05-06,23439,Sent
1348,1621,1172,2024-08-12,23234,Sent
1349,1621,819,2024-08-16,26093,Sent
1350,1621,733,2024-05-23,23377,Sent
1351,1624,179,2024-08-26,19371,Sent
1352,1624,445,2024-08-05,20476,Accepted
1353,1626,1120,2024-07-03,25260,Accepted
1354,1627,2,2024-08-11,24752,Sent
1355,1627,512,2024-07-19,26484,Sent
1356,1628,1337,2024-07-18,24987,Accepted
1357,1634,1359,2024-07-10,16797,Accepted
1358,1635,1453,2024-08-14,15265,Accepted
1359,1638,1439,2024-08-11,14095,Sent
1360,1638,807,2024-08-06,12324,Accepted
1361,1641,79,2024-06-05,19687,Accepted
1362,1646,1498,2024-03-31,18360,Sent
1363,1646,380,2024-04-19,18784,Accepted
1364,1647,596,2024-03-22,15828,Sent
1365,1647,992,2024-03-01,16480,Accepted
1366,1648,802,2023-10-31,19242,Accepted
1367,1653,56,2024-08-22,21981,Sent
1368,1657,1332,2024-04-16,23945,Accepted
1369,1658,491,2024-02-26,25036,Sent
1370,1658,580,2024-06-17,27757,Sent
1371,1658,120,2024-05-22,26904,Sent
1372,1658,1266,2024-07-16,23428,Accepted
1373,1661,1345,2024-06-18,14321,Accepted
1374,1662,249,2024-08-23,16574,Sent
1375,1662,1274,2024-06-06,15882,Accepted
1376,1664,947,2024-06-10,9735,Accepted
1377,1665,944,2024-03-25,13202,Accepted
1378,1668,1226,2024-03-22,11096,Accepted
1379,1669,7,2024-04-10,14143,Sent
1380,1673,27,2023-12-31,17816,Sent
1381,1673,337,2023-12-05,15774,Accepted
1382,1676,802,2024-06-25,19706,Accepted
1383,1677,185,2024-08-01,20207,Sent
1384,1677,467,2024-08-16,24480,Accepted
1385,1679,151,2024-03-06,18338,Accepted
1386,1685,1484,2024-06-28,19154,Sent
1387,1685,1462,2024-08-23,21908,Sent
1388,1685,1302,2024-04-12,21016,Sent
1389,1685,1450,2024-04-16,20692,Accepted
1390,1689,52,2024-08-23,19048,Sent
1391,1689,587,2024-08-13,20130,Sent
1392,1689,731,2024-08-21,19200,Accepted
1393,1692,330,2024-07-18,24908,Accepted
1394,1696,374,2024-07-13,19547,Accepted
1395,1700,782,2024-05-29,9983,Accepted
1396,1701,827,2024-08-14,14751,Sent
1397,1701,491,2024-08-08,13275,Sent
1398,1701,706,2024-07-21,12734,Accepted
1399,1705,160,2024-06-29,15494,Sent
1400,1706,1488,2024-04-19,13302,Sent
1401,1706,1192,2024-06-29,13343,Accepted
1402,1707,11,2024-05-11,13024,Accepted
1403,1709,451,2024-06-24,13979,Accepted
1404,1710,28,2024-06-03,16638,Sent
1405,1710,428,2024-06-03,18599,Accepted
1406,1713,876,2024-08-01,15070,Sent
1407,1713,787,2024-07-17,14918,Accepted
1408,1714,1240,2024-06-06,13691,Accepted
1409,1719,414,2024-07-22,19198,Accepted
1410,1721,864,2024-05-19,21801,Sent
1411,1722,541,2024-04-14,21033,Sent
1412,1722,957,2024-07-19,21410,Sent
1413,1722,1109,2024-07-20,18884,Accepted
1414,1723,465,2023-11-23,24027,Accepted
1415,1726,920,2024-04-05,18373,Sent
1416,1726,836,2024-04-24,21347,Accepted
1417,1728,118,2024-07-29,25130,Accepted
1418,1729,841,2024-08-11,26208,Sent
1419,1729,819,2024-08-20,27846,Accepted
1420,1731,879,2024-06-27,10555,Accepted
1421,1732,584,2024-01-17,14745,Accepted
1422,1734,533,2024-08-25,13769,Sent
1423,1734,1085,2024-07-08,11423,Accepted
1424,1736,335,2023-12-30,14240,Sent
1425,1736,383,2024-01-07,12737,Sent
1426,1736,126,2024-07-09,14533,Sent
1427,1736,645,2024-02-16,14572,Sent
1428,1736,1485,2023-10-04,14402,Accepted
1429,1739,518,2024-07-18,11253,Sent
1430,1739,588,2024-04-12,11433,Accepted
1431,1740,679,2024-06-29,13470,Accepted
1432,1741,490,2024-07-29,16126,Accepted
1433,1742,621,2024-07-19,13173,Accepted
1434,1743,854,2024-08-19,14433,Accepted
1435,1744,1392,2023-11-19,16488,Accepted
1436,1745,1311,2024-06-07,16964,Accepted
1437,1746,57,2024-07-18,16996,Accepted
1438,1747,70,2024-07-23,21079,Accepted
1439,1748,1128,2024-08-06,23048,Sent
1440,1748,1290,2024-06-23,22708,Accepted
1441,1750,739,2024-06-27,17266,Accepted
1442,1752,993,2024-08-24,13538,Sent
1443,1752,271,2024-08-26,14131,Sent
1444,1752,945,2024-07-26,13687,Accepted
1445,1753,642,2024-06-06,14783,Sent
1446,1754,876,2024-05-10,18515,Accepted
1447,1755,1113,2024-04-27,17801,Sent
1448,1755,1421,2024-04-24,15682,Sent
1449,1755,991,2023-12-07,17217,Sent
1450,1755,451,2024-03-16,16430,Sent
1451,1755,1323,2024-03-21,18629,Sent
1452,1755,750,2024-05-25,18513,Sent
1453,1755,363,2024-01-20,16500,Sent
1454,1755,287,2024-04-11,17404,Sent
1455,1756,780,2023-11-03,22593,Accepted
1456,1759,757,2024-04-05,16922,Sent
1457,1759,608,2023-11-15,18154,Sent
1458,1759,1071,2024-01-15,17100,Sent
1459,1759,133,2024-03-30,19755,Sent
1460,1759,770,2024-02-18,18369,Accepted
1461,1760,1488,2024-08-06,21546,Sent
1462,1760,598,2023-12-21,20598,Accepted
1463,1761,1292,2024-02-26,21972,Sent
1464,1763,320,2024-08-23,26518,Sent
1465,1763,459,2024-08-06,24463,Sent
1466,1763,653,2024-08-13,23066,Sent
1467,1763,235,2024-08-03,23339,Sent
1468,1763,819,2024-08-08,25289,Sent
1469,1763,984,2024-08-11,21712,Sent
1470,1763,706,2024-08-15,23189,Sent
1471,1763,1071,2024-08-26,24781,Accepted
1472,1767,717,2024-06-23,19803,Sent
1473,1767,171,2024-04-19,18922,Sent
1474,1767,106,2024-07-16,19055,Sent
1475,1772,354,2024-08-08,12067,Accepted
1476,1775,790,2023-11-29,10639,Sent
1477,1775,188,2024-05-04,10634,Accepted
1478,1776,1492,2024-04-23,15384,Accepted
1479,1778,1204,2024-05-12,12219,Sent
1480,1778,1484,2024-02-25,13842,Sent
1481,1778,1033,2024-02-11,13847,Accepted
1482,1779,1400,2024-05-03,10046,Sent
1483,1780,196,2024-06-29,14199,Accepted
1484,1783,418,2024-07-23,18366,Sent
1485,1783,579,2024-08-20,18522,Accepted
1486,1787,647,2024-02-28,21615,Sent
1487,1787,1468,2024-02-01,19985,Sent
1488,1787,1034,2024-02-19,18522,Accepted
1489,1788,779,2024-04-19,18138,Accepted
1490,1789,830,2024-08-20,16938,Accepted
1491,1791,1364,2024-03-08,24151,Accepted
1492,1798,198,2023-10-25,17003,Sent
1493,1798,545,2023-12-28,20233,Sent
1494,1798,1353,2023-11-18,18208,Sent
1495,1798,90,2023-12-08,17014,Accepted
1496,1799,972,2024-06-12,22922,Sent
1497,1799,583,2024-06-25,21481,Sent
1498,1801,907,2024-08-24,23993,Sent
1499,1801,1299,2024-08-25,21901,Sent
1500,1801,839,2024-08-25,22944,Accepted
1501,1804,167,2024-04-05,14177,Accepted
1502,1805,1469,2024-01-14,12131,Sent
1503,1805,804,2023-11-25,12537,Sent
1504,1805,576,2024-06-09,12051,Accepted
1505,1807,1112,2024-07-17,14498,Accepted
1506,1809,1230,2024-05-22,11334,Sent
1507,1809,958,2024-07-17,13183,Accepted
1508,1811,1078,2024-06-14,13152,Accepted
1509,1812,419,2024-04-01,16008,Sent
1510,1812,1195,2024-01-03,16169,Accepted
1511,1817,769,2024-08-22,14744,Accepted
1512,1823,558,2024-08-06,13894,Sent
1513,1823,316,2024-04-18,14324,Sent
1514,1823,1265,2024-03-19,13171,Sent
1515,1823,552,2024-06-29,14555,Sent
1516,1823,957,2024-02-25,13473,Sent
1517,1823,589,2024-03-10,15565,Accepted
1518,1826,1209,2024-07-25,16485,Accepted
1519,1827,207,2024-08-06,19343,Accepted
1520,1828,1106,2024-07-16,18817,Sent
1521,1828,248,2024-08-20,19508,Accepted
1522,1832,934,2024-07-14,21347,Accepted
1523,1834,1001,2024-03-28,23630,Accepted
1524,1837,1063,2024-06-25,19921,Sent
1525,1837,898,2024-06-16,20524,Sent
1526,1837,750,2024-08-19,19394,Accepted
1527,1838,1249,2024-08-19,16833,Sent
1528,1838,767,2024-08-21,17020,Accepted
1529,1843,1173,2024-06-30,14056,Sent
1530,1843,102,2024-02-07,14515,Accepted
1531,1844,611,2024-08-03,14291,Sent
1532,1844,93,2024-08-26,16657,Sent
1533,1844,497,2024-08-15,14491,Sent
1534,1844,256,2024-08-08,15159,Accepted
1535,1846,1427,2024-08-19,10653,Sent
1536,1846,435,2024-08-03,10402,Accepted
1537,1847,953,2024-07-08,15097,Accepted
1538,1848,91,2024-02-04,15802,Sent
1539,1848,230,2024-07-09,15744,Accepted
1540,1849,222,2024-08-10,13233,Sent
1541,1857,1023,2023-11-15,16391,Accepted
1542,1858,1122,2024-05-26,21693,Accepted
1543,1859,1061,2024-08-07,17371,Accepted
1544,1860,1189,2024-08-09,14841,Accepted
1545,1861,1110,2024-06-11,18845,Sent
1546,1861,184,2024-06-25,17920,Sent
1547,1861,296,2024-06-29,16318,Accepted
1548,1862,42,2024-07-04,23006,Sent
1549,1862,111,2024-07-18,20933,Sent
1550,1862,1129,2024-03-23,22714,Sent
1551,1864,646,2024-08-08,19624,Sent
1552,1864,274,2024-05-20,19977,Accepted
1553,1865,767,2023-11-10,26269,Accepted
1554,1867,112,2024-03-15,25720,Sent
1555,1867,543,2024-06-23,24656,Sent
1556,1867,499,2024-01-24,22852,Accepted
1557,1869,1495,2024-06-14,19719,Sent
1558,1869,642,2024-04-26,20213,Accepted
1559,1870,1199,2024-08-10,22936,Sent
1560,1870,925,2024-05-03,21637,Sent
1561,1870,556,2024-05-31,22051,Sent
1562,1870,693,2024-05-25,21425,Accepted
1563,1872,1001,2024-05-22,22635,Accepted
1564,1873,455,2024-05-10,10593,Sent
1565,1873,566,2024-03-23,10395,Accepted
1566,1876,256,2024-08-26,13176,Sent
1567,1879,256,2024-06-10,15671,Accepted
1568,1880,127,2024-04-01,13857,Sent
1569,1880,688,2024-03-25,12892,Sent
1570,1880,525,2024-02-23,12253,Accepted
1571,1882,606,2024-03-14,13977,Sent
1572,1882,316,2024-06-29,12141,Sent
1573,1882,429,2024-05-02,13543,Accepted
1574,1885,51,2024-08-26,13438,Accepted
1575,1890,1122,2024-08-21,22293,Sent
1576,1890,438,2024-03-09,22491,Sent
1577,1890,1438,2024-08-10,22112,Accepted
1578,1891,343,2024-07-22,14467,Accepted
1579,1894,1466,2024-08-26,15430,Accepted
1580,1896,303,2024-06-25,18344,Accepted
1581,1897,444,2024-07-27,16227,Sent
1582,1897,559,2024-08-13,16569,Accepted
1583,1898,1484,2024-04-11,20566,Accepted
1584,1899,895,2024-08-23,17196,Sent
1585,1899,1484,2024-08-20,19343,Sent
1586,1899,518,2024-07-20,20535,Accepted
1587,1900,429,2024-06-01,19350,Sent
1588,1900,900,2024-07-05,19805,Sent
1589,1901,665,2024-07-28,16644,Sent
1590,1901,657,2024-03-23,18502,Sent
1591,1901,9,2024-03-24,18811,Accepted
1592,1904,545,2024-07-29,21198,Sent
1593,1904,101,2024-07-20,19196,Sent
1594,1904,163,2024-08-16,19026,Sent
1595,1904,927,2024-07-16,18488,Sent
1596,1904,234,2024-07-06,21766,Accepted
1597,1905,244,2024-08-26,22788,Sent
1598,1905,879,2024-06-20,24369,Accepted
1599,1907,839,2024-05-23,26174,Sent
1600,1907,500,2024-06-07,25879,Accepted
1601,1912,67,2024-08-06,26704,Sent
1602,1912,1254,2023-11-06,25143,Accepted
1603,1913,767,2024-07-30,9901,Accepted
1604,1914,353,2024-07-31,13023,Sent
1605,1914,1045,2024-04-18,12421,Accepted
1606,1915,304,2024-07-15,15222,Sent
1607,1915,890,2024-06-04,16076,Accepted
1608,1916,1135,2024-04-24,12749,Sent
1609,1916,643,2024-07-30,12443,Accepted
1610,1917,233,2024-06-24,10219,Sent
1611,1917,172,2024-04-18,10829,Sent
1612,1917,227,2024-06-02,10369,Sent
1613,1917,171,2024-06-06,11266,Sent
1614,1917,361,2024-06-08,11501,Sent
1615,1917,743,2024-08-05,10787,Accepted
1616,1919,378,2024-05-09,14447,Sent
1617,1922,1058,2024-06-17,12022,Accepted
1618,1923,14,2024-08-18,16154,Accepted
1619,1925,1423,2023-11-09,20053,Accepted
1620,1926,1477,2024-04-27,13237,Accepted
1621,1930,492,2024-07-10,18494,Sent
1622,1930,236,2024-03-10,18738,Sent
1623,1931,272,2024-01-09,17157,Accepted
1624,1932,892,2024-05-16,18140,Sent
1625,1932,943,2024-08-24,18327,Accepted
1626,1933,774,2024-02-16,24341,Sent
1627,1933,276,2024-06-28,20100,Accepted
1628,1934,387,2024-05-24,22309,Accepted
1629,1935,233,2024-05-25,20858,Accepted
1630,1936,1176,2024-08-10,25085,Sent
1631,1936,903,2024-04-18,22464,Sent
1632,1936,209,2024-05-30,26862,Sent
1633,1939,839,2024-08-01,20360,Accepted
1634,1940,446,2024-08-05,18683,Sent
1635,1940,423,2024-07-17,18379,Accepted
1636,1942,882,2024-08-02,28569,Accepted
1637,1945,875,2024-06-13,13419,Accepted
1638,1946,1280,2024-05-08,15589,Accepted
1639,1951,1015,2024-08-23,12227,Sent
1640,1951,1163,2024-04-09,13844,Sent
1641,1951,936,2024-07-20,13320,Sent
1642,1952,543,2024-05-21,11754,Accepted
1643,1954,37,2024-08-14,14167,Accepted
1644,1955,350,2023-09-27,12644,Sent
1645,1955,104,2024-05-21,12468,Accepted
1646,1956,162,2024-06-26,13822,Accepted
1647,1959,232,2024-05-07,15865,Accepted
1648,1962,466,2024-03-02,16015,Sent
1649,1962,646,2024-06-20,14426,Accepted
1650,1963,1498,2024-05-30,16303,Accepted
1651,1964,212,2024-06-07,14171,Sent
1652,1964,489,2024-03-11,14418,Sent
1653,1964,642,2024-05-29,15926,Accepted
1654,1965,723,2024-01-26,14801,Accepted
1655,1967,1461,2024-04-08,19701,Sent
1656,1967,45,2023-10-21,17014,Accepted
1657,1969,1417,2024-07-14,20568,Sent
1658,1969,137,2024-08-24,21539,Accepted
1659,1974,579,2024-06-07,22169,Accepted
1660,1976,615,2024-07-14,23400,Accepted
1661,1978,646,2024-08-17,25591,Accepted
1662,1980,1200,2024-05-04,16929,Sent
1663,1980,1185,2024-04-10,17793,Sent
1664,1980,499,2024-04-17,19354,Accepted
1665,1981,957,2024-06-22,22499,Sent
1666,1981,1376,2024-08-12,22417,Accepted
1667,1982,169,2024-08-25,26423,Sent
1668,1982,1455,2024-08-23,26458,Accepted
1669,1983,222,2023-11-25,22103,Sent
1670,1983,842,2024-03-13,23825,Sent
1671,1983,646,2023-10-29,22595,Accepted
1672,1985,234,2024-08-10,13689,Sent
1673,1985,652,2024-08-06,13631,Accepted
1674,1987,155,2024-06-16,12702,Accepted
1675,1992,522,2024-08-14,10955,Sent
1676,1992,580,2024-08-14,9886,Sent
1677,1992,1357,2024-08-14,10056,Accepted
1678,1993,1431,2024-01-16,13028,Accepted
1679,1995,1183,2024-07-09,17710,Sent
1680,1995,1073,2024-03-26,15654,Accepted
1681,1996,593,2024-01-30,20277,Accepted
1682,2000,1395,2024-04-14,19039,Accepted
