location_id,location_name,latitude,longitude
1,Marysville,48.0517637,-122.1770818
2,Perris,33.7825194,-117.2286478
3,Cleveland,41.49932,-81.6943605
4,Worcester,42.262593200000005,-71.8022934
5,Columbia,34.0007104,-81.0348144
6,Waterbury,41.558152500000006,-73.0514965
7,Eagan,44.804132200000005,-93.1668858
8,Southfield,42.4733688,-83.2218731
9,Lafayette,30.2240897,-92.0198427
10,Boise City,43.6187102,-116.2146068
11,Elkhart,41.6819935,-85.9766671
12,Buena Park,33.8675143,-117.9981181
13,Marietta,33.952602,-84.5499327
14,Parker,39.5186002,-104.7613633
15,West Palm Beach,26.7153424,-80.0533746
16,Salem,42.51954,-70.8967155
17,Aurora,41.7605849,-88.3200715
18,Leesburg,39.1156615,-77.5636015
19,Doral,25.8195424,-80.3553302
20,Westminster,33.7513419,-117.9939921
21,Lubbock,33.5778631,-101.8551665
22,Overland Park,38.9822282,-94.6707917
23,Jackson,32.298757300000005,-90.1848103
24,Gastonia,35.262082,-81.1873005
25,Daytona Beach,29.2108147,-81.02283309999999
26,Kansas City,39.0997265,-94.5785667
27,Rancho Palos Verdes,33.7444613,-118.3870173
28,Burnsville,44.7677424,-93.2777226
29,Rowlett,32.9029017,-96.56388
30,Roswell,33.3942655,-104.5230242
31,Montgomery,32.366805199999995,-86.2999689
32,Logan,41.7369803,-111.8338359
33,Woburn,42.4792618,-71.1522765
34,Allentown,40.6084305,-75.4901833
35,Mount Pleasant,32.8323225,-79.82842579999999
36,Columbus,32.4609764,-84.9877094
37,Buffalo,42.8864468,-78.8783689
38,New Berlin,42.9764027,-88.10842240000001
39,North Richland Hills,32.8342952,-97.2289029
40,Lima,40.742551,-84.1052256
41,Sacramento,38.5815719,-121.4943996
42,Fort Smith,35.385924200000005,-94.3985475
43,East Providence,41.813711600000005,-71.37005450000001
44,Urbandale,41.6266555,-93.7121656
45,Mount Vernon,40.9125992,-73.8370786
46,Lakewood,39.7047095,-105.08137340000002
47,Henderson,36.0395247,-114.9817213
48,Covina,34.0900091,-117.8903397
49,Stamford,41.0534302,-73.53873409999999
50,Bloomington,39.165325,-86.5263857
51,Kingsport,36.548434,-82.5618186
52,Spokane,47.6587802,-117.4260466
53,Kennewick,46.2112458,-119.1372338
54,Philadelphia,39.9525839,-75.1652215
55,Bellingham,48.74908,-122.4781473
56,Visalia,36.3302284,-119.2920585
57,La Crosse,43.8013556,-91.2395807
58,Council Bluffs,41.2619444,-95.8608333
59,North Lauderdale,26.217305,-80.2258811
60,Dallas,32.7766642,-96.7969879
61,Antioch,38.0049214,-121.805789
62,Sterling Heights,42.5803122,-83.0302033
63,Deerfield Beach,26.3184123,-80.0997657
64,Fishers,39.95675479999999,-86.01335
65,Cheyenne,41.1399814,-104.8202462
66,Murrieta,33.553914299999995,-117.2139232
67,Lenexa,38.9536174,-94.7335709
68,Noblesville,40.0455917,-86.0085955
69,Southaven,34.9889818,-90.0125913
70,Chino,34.0122346,-117.688944
71,Gaithersburg,39.143440600000005,-77.2013705
72,Fountain Valley,33.7091847,-117.9536697
73,Frederick,39.4142688,-77.41054090000002
74,Greenville,35.612661,-77.3663538
75,DeKalb,41.9294736,-88.7503647
76,West Allis,43.0166806,-88.0070315
77,Thornton,39.8680412,-104.9719243
78,West Des Moines,41.5772115,-93.711332
79,Fall River,41.7014912,-71.1550451
80,Tulare,36.20772879999999,-119.3473379
81,Chula Vista,32.6400541,-117.0841955
82,Coral Springs,26.271192,-80.27060440000001
83,Concord,35.4087517,-80.579511
84,Smyrna,33.883992600000006,-84.51437609999999
85,Apopka,28.6934076,-81.53221490000001
86,Grand Forks,47.9252568,-97.0328547
87,Lancaster,39.71367539999999,-82.59932940000002
88,Naperville,41.7508391,-88.15353520000001
89,Hollywood,26.0112014,-80.1494901
90,Rogers,36.3320196,-94.1185366
91,New Orleans,29.9510658,-90.0715323
92,Lakewood,47.1717649,-122.518458
93,Oak Lawn,41.719978000000005,-87.7479528
94,Caldwell,43.6629384,-116.6873596
95,Portland,45.523062200000005,-122.6764816
96,Concord,37.9779776,-122.0310733
97,Burien,47.4703767,-122.3467918
98,St. Charles,38.7881062,-90.4974359
99,Waukesha,43.0116784,-88.2314813
100,Flagstaff,35.1982836,-111.651302
101,Puyallup,47.1853785,-122.29289740000002
102,Schenectady,42.8142432,-73.93956870000001
103,Denver,39.7392358,-104.990251
104,Springfield,39.7817213,-89.6501481
105,Campbell,37.2871651,-121.9499568
106,Moreno Valley,33.9424658,-117.2296717
107,Kettering,39.6895036,-84.16882740000001
108,Lincoln Park,42.2505943,-83.17853609999999
109,Lake Havasu City,34.483901,-114.3224548
110,North Little Rock,34.769535999999995,-92.2670941
111,Reno,39.5296329,-119.8138027
112,Littleton,39.613321,-105.0166498
113,Prescott,34.540024200000005,-112.4685025
114,Dublin,37.7021521,-121.9357918
115,Texarkana,33.425125,-94.0476882
116,Portland,43.661471,-70.2553259
117,Brooklyn Park,45.0941315,-93.3563405
118,West Haven,41.2705484,-72.94697109999998
119,El Centro,32.792,-115.5630514
120,The Colony,33.0806083,-96.8928309
121,Flint,43.0125274,-83.6874562
122,Pittsburg,38.027976200000005,-121.88468059999998
123,Buckeye,33.3703197,-112.58377659999998
124,Brea,33.9166805,-117.9000604
125,Indio,33.7205771,-116.2155619
126,Scottsdale,33.494170399999994,-111.9260519
127,Columbus,39.9611755,-82.9987942
128,Lancaster,40.0378755,-76.3055144
129,Lincoln,40.8257625,-96.6851982
130,Trenton,40.2170534,-74.74293840000001
131,Boston,42.3600825,-71.0588801
132,Glendora,34.136118700000004,-117.865339
133,Rochester,44.0121221,-92.4801989
134,Florissant,38.789217,-90.322614
135,Annapolis,38.9784453,-76.4921829
136,Chapel Hill,35.913199600000006,-79.05584449999999
137,Lawrence,39.8386516,-86.0252612
138,Calexico,32.6789476,-115.4988834
139,Calumet City,41.6155909,-87.5294871
140,Missoula,46.8787176,-113.996586
141,Clovis,36.8252277,-119.7029194
142,Pearland,29.5635666,-95.2860474
143,Gilbert,33.3528264,-111.789027
144,Wausau,44.9591352,-89.6301221
145,Raleigh,35.7795897,-78.6381787
146,Orange,33.7877944,-117.8531119
147,Walnut Creek,37.9100783,-122.0651819
148,Bremerton,47.567320200000005,-122.6329356
149,Porterville,36.06523,-119.0167679
150,Marana,32.436381,-111.2224422
151,Tallahassee,30.4382559,-84.2807329
152,Conroe,30.3118769,-95.4560512
153,Blacksburg,37.2295733,-80.4139393
154,San Antonio,29.4241219,-98.4936282
155,Hartford,41.7637111,-72.6850932
156,Waterloo,42.492786,-92.3425775
157,Binghamton,42.0986867,-75.9179738
158,Meridian,43.61210870000001,-116.3915131
159,Fond du Lac,43.7730448,-88.44705079999999
160,Baytown,29.735504700000003,-94.9774274
161,Cary,35.791540000000005,-78.78111690000001
162,Weymouth Town,42.2180724,-70.94103559999999
163,Tulsa,36.1539816,-95.992775
164,Mission,26.2159066,-98.3252932
165,Cuyahoga Falls,41.1339449,-81.48455849999999
166,Malden,42.4250964,-71.066163
167,Allen,33.1031744,-96.6705503
168,Tucson,32.2217429,-110.926479
169,Franklin,35.9250637,-86.86888990000001
170,Shakopee,44.79739620000001,-93.5272861
171,Jacksonville,30.3321838,-81.655651
172,Atlantic City,39.3642834,-74.4229266
173,Erie,42.1292241,-80.085059
174,Merced,37.3021632,-120.48296770000002
175,Abilene,32.4487364,-99.7331439
176,Yorba Linda,33.888625899999994,-117.8131125
177,Greenville,34.8526176,-82.3940104
178,Huntersville,35.410694,-80.8428504
179,St. Clair Shores,42.4974085,-82.8963604
180,Harrisburg,40.273191100000005,-76.88670079999999
181,San Buenaventura (Ventura),34.274646000000004,-119.22903159999998
182,Fremont,37.548269700000006,-121.9885719
183,Pueblo,38.2544472,-104.6091409
184,Chelsea,42.3917638,-71.03282840000001
185,Belleville,38.5200504,-89.98399350000001
186,Minneapolis,44.977753,-93.2650108
187,Bartlett,35.2045328,-89.8739753
188,Wichita Falls,33.913708500000006,-98.4933873
189,Missouri City,29.6185669,-95.5377215
190,St. Louis,38.6270025,-90.1994042
191,Pharr,26.1947962,-98.1836216
192,Albuquerque,35.0853336,-106.6055534
193,Athens-Clarke County,33.9519347,-83.357567
194,South Jordan,40.5621704,-111.929658
195,North Las Vegas,36.1988592,-115.1175013
196,Pomona,34.055103,-117.7499909
197,Eastvale,33.952463,-117.5848025
198,Grove City,39.8814519,-83.09296440000001
199,Lawrence,38.9716689,-95.2352501
200,Midland,31.9973456,-102.0779146
201,Oklahoma City,35.4675602,-97.5164276
202,Oro Valley,32.3909071,-110.96648799999998
203,Mesa,33.4151843,-111.8314724
204,Norwalk,41.117744,-73.4081575
205,Kentwood,42.8694731,-85.6447492
206,Brookfield,43.0605671,-88.1064787
207,Rockwall,32.9312336,-96.4597089
208,Mishawaka,41.6619927,-86.15861559999999
209,Tustin,33.7458511,-117.826166
210,St. Cloud,45.5579451,-94.1632404
211,Passaic,40.8567662,-74.12847640000001
212,Escondido,33.1192068,-117.086421
213,San Bruno,37.6304904,-122.4110835
214,Berkeley,37.87159260000001,-122.272747
215,San Clemente,33.4269728,-117.6119925
216,Lawton,34.6035669,-98.3959291
217,Eau Claire,44.811349,-91.4984941
218,Maricopa,33.058106300000006,-112.0476423
219,DeSoto,32.589699800000005,-96.8570738
220,Fort Wayne,41.079273,-85.13935129999999
221,Shoreline,47.7556531,-122.3415178
222,Medford,42.4184296,-71.10616390000001
223,La Habra,33.9319578,-117.94617340000002
224,Albany,42.65257929999999,-73.7562317
225,Daly City,37.6879241,-122.47020790000002
226,Taylor,42.240872,-83.2696509
227,Lynchburg,37.4137536,-79.1422464
228,Bowie,39.0067768,-76.77913649999999
229,Danbury,41.394817,-73.45401109999999
230,Charlottesville,38.0293059,-78.4766781
231,Coral Gables,25.72149,-80.2683838
232,Coeur d'Alene,47.6776832,-116.7804664
233,El Monte,34.0686206,-118.0275667
234,Crystal Lake,42.2411344,-88.3161965
235,Danville,37.8215929,-121.9999606
236,Goodyear,33.4353394,-112.3576567
237,Paterson,40.9167654,-74.171811
238,Salem,44.9428975,-123.0350963
239,Kissimmee,28.291955699999995,-81.40757099999999
240,Saginaw,43.4194699,-83.9508068
241,Brownsville,25.9017472,-97.4974838
242,Flower Mound,33.0145673,-97.0969552
243,Grapevine,32.9342919,-97.0780654
244,Edina,44.889686600000005,-93.3499489
245,Detroit,42.331427000000005,-83.0457538
246,Fairfield,39.3454673,-84.56031870000001
247,Mansfield,32.5631924,-97.1416768
248,Rochester,43.16103,-77.61092190000001
249,Birmingham,33.5206608,-86.80249
250,Austin,30.267153000000004,-97.7430608
251,Santa Barbara,34.4208305,-119.6981901
252,Addison,41.931696,-87.9889556
253,Rio Rancho,35.2327544,-106.6630437
254,Normal,40.5142026,-88.99063120000001
255,Romeoville,41.6475306,-88.0895061
256,Coon Rapids,45.1732394,-93.3030063
257,San Mateo,37.562991700000005,-122.3255254
258,Orlando,28.5383355,-81.3792365
259,Casper,42.866632,-106.313081
260,Bedford,32.844017,-97.1430671
261,Wilmington,34.2257255,-77.9447102
262,Pinellas Park,27.8428025,-82.6995443
263,North Miami Beach,25.9331488,-80.1625463
264,Kansas City,39.114053000000006,-94.6274636
265,Fitchburg,42.5834228,-71.8022955
266,Wheeling,42.1391927,-87.92895909999999
267,Newton,42.3370413,-71.2092214
268,North Miami,25.8900949,-80.18671379999999
269,Norwich,41.5242649,-72.07591049999999
270,Newark,40.735657,-74.1723667
271,Alexandria,31.3112936,-92.4451371
272,Blaine,45.1607987,-93.2349489
273,Harlingen,26.1906306,-97.6961026
274,Lompoc,34.6391501,-120.4579409
275,Denton,33.2148412,-97.1330683
276,Galveston,29.3013479,-94.7976958
277,Greenwood,39.6136578,-86.10665259999999
278,Salinas,36.6777372,-121.6555013
279,Miami Gardens,25.9420377,-80.2456045
280,Huntington,38.41924960000001,-82.445154
281,Laredo,27.530567100000003,-99.4803241
282,Melbourne,28.0836269,-80.6081089
283,Haltom City,32.799573800000005,-97.2691817
284,Palm Bay,28.03446210000001,-80.5886646
285,Wilson,35.7212689,-77.91553950000001
286,Bountiful,40.8893895,-111.880771
287,Ceres,37.5949316,-120.9577098
288,Parma,41.404774200000006,-81.72290859999998
289,Rapid City,44.0805434,-103.2310149
290,Bell Gardens,33.9652918,-118.1514588
291,Commerce City,39.8083196,-104.9338675
292,Springfield,42.1014831,-72.589811
293,Fort Collins,40.5852602,-105.084423
294,San Leandro,37.7249296,-122.1560768
295,Vista,33.2000368,-117.2425355
296,Yonkers,40.9312099,-73.8987469
297,Cincinnati,39.1031182,-84.5120196
298,Hagerstown,39.6417629,-77.7199932
299,Sanford,28.802861199999995,-81.269453
300,Union City,40.6975898,-74.2631635
301,Toledo,41.6639383,-83.555212
302,Sierra Vista,31.5455001,-110.27728559999998
303,Newport News,37.0870821,-76.4730122
304,Hammond,41.5833688,-87.5000412
305,Buffalo Grove,42.1662831,-87.9631308
306,Sugar Land,29.6196787,-95.6349463
307,Huntsville,34.730368799999994,-86.5861037
308,Lodi,38.1341477,-121.2722194
309,Edmonds,47.8106521,-122.3773552
310,Duncanville,32.6518004,-96.9083366
311,Rocky Mount,35.938210299999994,-77.7905339
312,Pontiac,42.6389216,-83.2910468
313,National City,32.6781085,-117.0991967
314,Hayward,37.6688205,-122.0807964
315,Niagara Falls,43.0962143,-79.03773879999999
316,Sparks,39.5349112,-119.7526886
317,Hanford,36.3274502,-119.6456844
318,Cypress,33.8169599,-118.0372852
319,Youngstown,41.0997803,-80.6495194
320,Madison,34.6992579,-86.7483318
321,Redlands,34.055569299999995,-117.1825381
322,Cape Girardeau,37.3058839,-89.51814759999999
323,Nampa,43.5407172,-116.5634624
324,Washington,38.9071923,-77.03687070000001
325,Wheaton,41.8661403,-88.1070127
326,Lancaster,32.5920798,-96.7561082
327,Rialto,34.1064001,-117.3703235
328,Fargo,46.8771863,-96.7898034
329,Peoria,40.6936488,-89.58898640000001
330,Omaha,41.25236339999999,-95.9979883
331,Rancho Santa Margarita,33.640855,-117.603104
332,Manhattan,39.1836082,-96.5716694
333,Palm Springs,33.8302961,-116.54529209999998
334,San Diego,32.715738,-117.1610838
335,Santa Rosa,38.440429,-122.7140548
336,Lowell,42.633424700000006,-71.3161718
337,Broken Arrow,36.060949,-95.7974526
338,Kent,47.380933500000005,-122.2348431
339,Nashville,36.1626638,-86.78160159999999
340,Hackensack,40.8859325,-74.0434736
341,Broomfield,39.9205411,-105.0866504
342,Durham,35.99403289999999,-78.898619
343,Wichita,37.688889,-97.336111
344,Cathedral City,33.780538799999995,-116.4668036
345,Lakeville,44.6496868,-93.24272
346,Elmhurst,41.8994744,-87.9403418
347,Weslaco,26.1595194,-97.9908366
348,Greenfield,42.9614039,-88.0125865
349,Sunnyvale,37.36883,-122.0363496
350,Santa Cruz,36.9741171,-122.0307963
351,Kenosha,42.5847425,-87.8211854
352,State College,40.7933949,-77.8600012
353,Mansfield,40.758390000000006,-82.51544709999999
354,Quincy,39.9356016,-91.4098726
355,Pompano Beach,26.2378597,-80.1247667
356,San Angelo,31.4637723,-100.4370375
357,Bloomington,40.4842027,-88.9936873
358,Tracy,37.7396513,-121.4252227
359,Spartanburg,34.949567200000004,-81.93204820000001
360,Nashua,42.7653662,-71.467566
361,Macon,32.8406946,-83.6324022
362,Hempstead,40.7062128,-73.6187397
363,Camden,39.9259463,-75.1196199
364,Palm Desert,33.7222445,-116.3744556
365,Streamwood,42.02558270000001,-88.1784085
366,Chesapeake,36.7682088,-76.2874927
367,Dublin,40.0992294,-83.11407709999999
368,Camarillo,34.216393700000005,-119.0376023
369,Muskegon,43.2341813,-86.2483921
370,Elizabeth,40.6639916,-74.2107006
371,Anchorage,61.2180556,-149.90027780000003
372,Minot,48.23296679999999,-101.2922906
373,Davie,26.0764783,-80.2521157
374,McAllen,26.203407100000003,-98.2300124
375,McKinney,33.197246500000006,-96.6397822
376,Killeen,31.1171194,-97.7277959
377,Findlay,41.04422,-83.6499321
378,Oakland,37.8043637,-122.27111370000002
379,Mountain View,37.3860517,-122.0838511
380,Lake Elsinore,33.668077200000006,-117.3272615
381,Amarillo,35.2219971,-101.8312969
382,Provo,40.2338438,-111.6585337
383,Atlanta,33.7489954,-84.3879824
384,Monterey Park,34.0625106,-118.1228476
385,Strongsville,41.3144966,-81.83569
386,Madera,36.961335600000005,-120.0607176
387,Decatur,39.84031470000001,-88.9548001
388,Woonsocket,42.0028761,-71.5147839
389,Mobile,30.6953657,-88.0398912
390,Vallejo,38.1040864,-122.25663670000002
391,Arcadia,34.139729200000005,-118.0353449
392,Collierville,35.042036,-89.66452659999999
393,Jefferson City,38.57670170000001,-92.1735164
394,Longview,32.5007037,-94.7404891
395,Chandler,33.3061605,-111.8412502
396,Arvada,39.8027644,-105.0874842
397,Alhambra,34.095287,-118.1270146
398,Kokomo,40.486427,-86.13360329999999
399,Oakland Park,26.1723065,-80.13198929999999
400,Indianapolis,39.768403,-86.158068
401,Boynton Beach,26.531786600000004,-80.0905465
402,Apache Junction,33.4150485,-111.5495777
403,Mount Prospect,42.066416700000005,-87.9372908
404,Cranston,41.7798226,-71.4372796
405,Lafayette,40.4167022,-86.8752869
406,Olathe,38.8813958,-94.8191285
407,Johns Creek,34.0289259,-84.19857900000001
408,Greensboro,36.0726354,-79.79197540000001
409,Kalamazoo,42.2917069,-85.5872286
410,Tigard,45.4312294,-122.7714861
411,Jacksonville,34.7540524,-77.43024140000001
412,Citrus Heights,38.7071247,-121.2810611
413,Tuscaloosa,33.2098407,-87.5691735
414,Ankeny,41.7317884,-93.6001278
415,Hawthorne,33.9164032,-118.3525748
416,Hoover,33.405386699999994,-86.8113781
417,Delray Beach,26.4614625,-80.07282009999999
418,Wellington,26.6617635,-80.2683571
419,Bullhead City,35.1359386,-114.5285981
420,Weston,26.1003654,-80.3997748
421,Troy,42.6064095,-83.1497751
422,New Rochelle,40.9114882,-73.78235490000002
423,Stockton,37.9577016,-121.29077959999998
424,Royal Oak,42.4894801,-83.1446485
425,Titusville,28.6122187,-80.8075537
426,Laguna Niguel,33.5225261,-117.7075526
427,Spokane Valley,47.6732281,-117.2393748
428,Costa Mesa,33.6411316,-117.9186689
429,Grand Prairie,32.7459645,-96.9977846
430,Portsmouth,36.8354258,-76.29827420000001
431,Lacey,47.0342629,-122.8231915
432,Apex,35.732652,-78.85028559999999
433,Sioux City,42.4999942,-96.4003069
434,Encinitas,33.0369867,-117.2919818
435,Spanish Fork,40.114955,-111.654923
436,Huntington Park,33.981681200000004,-118.2250725
437,Eden Prairie,44.8546856,-93.470786
438,Peoria,33.5805955,-112.2373779
439,Tempe,33.4255104,-111.9400054
440,Wilmington,39.7390721,-75.5397878
441,Taylorsville,40.6677248,-111.9388258
442,Westland,42.324204,-83.400211
443,Mesquite,32.7667955,-96.5991593
444,Burlington,36.0956918,-79.43779909999999
445,Garland,32.912624,-96.6388833
446,Richmond,37.9357576,-122.3477486
447,Bismarck,46.8083268,-100.7837392
448,Carson City,39.1637984,-119.7674034
449,Muskogee,35.747876899999994,-95.3696909
450,Augusta-Richmond County,33.4734978,-82.0105148
451,Fayetteville,35.0526641,-78.87835849999999
452,Albany,31.5785074,-84.155741
453,Sayreville,40.4594021,-74.360846
454,Newark,37.5296593,-122.0402399
455,Diamond Bar,34.028622600000006,-117.8103367
456,Decatur,34.6059253,-86.9833417
457,Chattanooga,35.0456297,-85.3096801
458,Jeffersonville,38.27757020000001,-85.7371847
459,Bartlett,41.9950276,-88.1856301
460,Baldwin Park,34.0852868,-117.96089779999998
461,Miami Beach,25.790654,-80.1300455
462,Jackson,35.6145169,-88.8139469
463,Port Arthur,29.8849504,-93.939947
464,San Luis Obispo,35.2827524,-120.6596156
465,Burleson,32.5420821,-97.3208492
466,Newport Beach,33.6189101,-117.9289469
467,Riverton,40.521893,-111.9391023
468,Yakima,46.6020711,-120.5058987
469,Dayton,39.7589478,-84.1916069
470,Gulfport,30.367419800000004,-89.0928155
471,Long Beach,33.770050399999995,-118.1937395
472,Chico,39.7284944,-121.8374777
473,Hattiesburg,31.3271189,-89.2903392
474,Eugene,44.0520691,-123.08675359999998
475,Colton,34.0739016,-117.3136547
476,Montebello,34.0165053,-118.1137535
477,Pleasanton,37.6624312,-121.8746789
478,Everett,47.9789848,-122.2020794
479,Hutchinson,38.0608445,-97.9297743
480,Fairfield,38.2493581,-122.0399663
481,Avondale,33.4355977,-112.3496021
482,Euclid,41.5931049,-81.5267873
483,Battle Creek,42.32115220000001,-85.17971419999999
484,Bloomington,44.840798,-93.2982799
485,Rock Island,41.5094771,-90.5787476
486,Beaverton,45.487062,-122.8037102
487,Kenner,29.9940924,-90.2417434
488,Clovis,34.4047987,-103.2052272
489,Troy,42.7284117,-73.69178509999999
490,Milpitas,37.4323341,-121.8995741
491,Des Plaines,42.03336229999999,-87.88339909999999
492,Placentia,33.87223710000001,-117.8703363
493,Taunton,41.900101,-71.08976740000001
494,Montclair,34.0775104,-117.6897776
495,Johnson City,36.3134397,-82.35347270000001
496,Savannah,32.0835407,-81.0998342
497,Warren,41.2375569,-80.81841659999999
498,Vancouver,45.6387281,-122.6614861
499,Sunrise,26.1669711,-80.25659499999999
500,Muncie,40.1933767,-85.3863599
501,Lehi,40.3916172,-111.8507662
502,San Francisco,37.7749295,-122.4194155
503,Fontana,34.0922335,-117.435048
504,Frisco,33.1506744,-96.8236116
505,Chino Hills,33.989818799999995,-117.7325848
506,Poway,32.9628232,-117.0358646
507,Huber Heights,39.843947,-84.1246608
508,New Brunswick,40.4862157,-74.4518188
509,Norfolk,36.8507689,-76.28587259999999
510,Hillsboro,45.5228939,-122.989827
511,San Jacinto,33.783908399999994,-116.95863500000002
512,Pensacola,30.421309,-87.2169149
513,Hamilton,39.3995008,-84.5613355
514,Florence,34.1954331,-79.7625625
515,San Bernardino,34.1083449,-117.2897652
516,Peachtree Corners,33.9698929,-84.2214551
517,Victorville,34.5362184,-117.2927641
518,Gary,41.5933696,-87.3464271
519,Casa Grande,32.8795022,-111.7573521
520,Morgan Hill,37.130501200000005,-121.6543901
521,Dubuque,42.5005583,-90.6645718
522,Syracuse,43.0481221,-76.1474244
523,Clarksville,36.5297706,-87.3594528
524,Lakeland,28.0394654,-81.9498042
525,Valley Stream,40.6642699,-73.7084645
526,Dover,39.158168,-75.5243682
527,Moorhead,46.8737648,-96.7678039
528,Culver City,34.0211224,-118.3964665
529,Palatine,42.1103041,-88.03424
530,Seattle,47.6062095,-122.33207079999998
531,Covington,39.083671200000005,-84.5085536
532,Elk Grove,38.4087993,-121.3716178
533,Shreveport,32.5251516,-93.7501789
534,Ogden,41.223,-111.9738304
535,Harrisonburg,38.4495688,-78.8689155
536,Inglewood,33.9616801,-118.3531311
537,Pasadena,34.1477849,-118.1445155
538,Lawrence,42.7070354,-71.1631137
539,Lake Oswego,45.4206749,-122.6706498
540,Petaluma,38.232417,-122.6366524
541,Springfield,39.9242266,-83.8088171
542,Napa,38.2975381,-122.286865
543,Aurora,39.7294319,-104.8319195
544,Duluth,46.7866719,-92.1004852
545,Roanoke,37.2709704,-79.9414266
546,Bend,44.0581728,-121.3153096
547,Apple Valley,34.5008311,-117.1858759
548,Waltham,42.376485200000005,-71.2356113
549,Fort Myers,26.640628000000003,-81.87230840000001
550,Tampa,27.950575,-82.4571776
551,Upland,34.09751,-117.6483876
552,Danville,36.5859718,-79.3950228
553,Beloit,42.5083482,-89.0317765
554,Plantation,26.1275862,-80.23310359999999
555,Colorado Springs,38.8338816,-104.8213634
556,Modesto,37.6390972,-120.9968782
557,Grand Rapids,42.9633599,-85.6680863
558,Oak Park,41.885031700000006,-87.7845025
559,Sarasota,27.3364347,-82.5306527
560,Jurupa Valley,33.9971974,-117.4854802
561,Bellflower,33.8816818,-118.1170117
562,Boulder,40.0149856,-105.2705456
563,Santa Fe,35.686975200000006,-105.937799
564,Coachella,33.6803003,-116.173894
565,Marlborough,42.3459271,-71.55228740000001
566,Riverside,33.9533487,-117.3961564
567,Palmdale,34.5794343,-118.11646129999998
568,Novato,38.1074198,-122.5697032
569,Layton,41.0602216,-111.9710529
570,Bolingbrook,41.6986416,-88.0683955
571,Mission Viejo,33.6000232,-117.6719953
572,Glenview,42.0697509,-87.7878408
573,Lincoln,38.891565,-121.29300790000002
574,Folsom,38.6779591,-121.17605829999998
575,Prescott Valley,34.6100243,-112.315721
576,Las Cruces,32.3199396,-106.7636538
577,Bozeman,45.6769979,-111.0429339
578,Schaumburg,42.0333607,-88.0834059
579,Warren,42.5144566,-83.01465259999999
580,St. Peters,38.7874699,-90.6298922
581,Ames,42.034722,-93.62
582,Surprise,33.62923370000001,-112.3679279
583,Richardson,32.948333500000004,-96.7298519
584,Midland,43.6155825,-84.24721159999999
585,San Marcos,29.8832749,-97.9413941
586,Wilkes-Barre,41.2459149,-75.88130749999999
587,Appleton,44.2619309,-88.4153847
588,Shawnee,39.0228485,-94.7151865
589,Mentor,41.6661573,-81.339552
590,Livermore,37.6818745,-121.7680088
591,Charlotte,35.2270869,-80.8431267
592,Owensboro,37.7719074,-87.1111676
593,Jupiter,26.934224600000004,-80.09420870000001
594,Rohnert Park,38.3396367,-122.70109840000002
595,Chicago,41.8781136,-87.62979820000001
596,Billings,45.783285600000006,-108.5006904
597,Wauwatosa,43.049457200000006,-88.0075875
598,Lombard,41.8800296,-88.0078435
599,New Haven,41.308274,-72.9278835
600,York,39.9625984,-76.727745
601,Knoxville,35.96063839999999,-83.9207392
602,Elyria,41.36837979999999,-82.10764859999999
603,Barnstable Town,41.7003208,-70.3002024
604,Murray,40.6668916,-111.8879909
605,Alameda,37.7652065,-122.2416355
606,Manteca,37.7974273,-121.21605259999998
607,Maplewood,44.953021500000006,-92.9952153
608,Medford,42.3265152,-122.8755949
609,Murfreesboro,35.8456213,-86.39027
610,Yuba City,39.1404477,-121.6169108
611,Shelton,41.3164856,-73.0931641
612,Cedar Falls,42.5348993,-92.4453161
613,Germantown,35.08675770000001,-89.8100858
614,Scranton,41.408969,-75.66241219999999
615,Auburn,32.6098566,-85.48078249999999
616,Manassas,38.7509488,-77.4752667
617,Vacaville,38.3565773,-121.9877444
618,Santa Monica,34.01945429999999,-118.4911912
619,Suffolk,36.7282054,-76.5835621
620,Rochester Hills,42.6583661,-83.14993220000001
621,La Quinta,33.663357299999994,-116.3100095
622,Charleston,38.3498195,-81.6326234
623,Delano,35.7688425,-119.2470536
624,St. Cloud,28.2489016,-81.2811801
625,Charleston,32.776474900000004,-79.9310512
626,Kannapolis,35.4873613,-80.62173409999998
627,Corona,33.8752935,-117.5664384
628,Rocklin,38.7907339,-121.2357828
629,Lee's Summit,38.9108408,-94.3821724
630,Palm Coast,29.5844524,-81.2078699
631,Sandy,40.564978100000005,-111.8389726
632,Bentonville,36.3728538,-94.2088172
633,Santa Clarita,34.3916641,-118.542586
634,Altamonte Springs,28.6611089,-81.36562420000001
635,New Braunfels,29.7030024,-98.1244531
636,Memphis,35.1495343,-90.0489801
637,Irving,32.814017699999994,-96.9488945
638,Alexandria,38.8048355,-77.0469214
639,Hesperia,34.4263886,-117.3008784
640,Holyoke,42.2042586,-72.61620090000001
641,Dunwoody,33.9462125,-84.3346473
642,Skokie,42.0324025,-87.7416246
643,Kearny,40.7684342,-74.1454214
644,Bethlehem,40.6259316,-75.3704579
645,St. Joseph,39.7674578,-94.846681
646,Redondo Beach,33.8491816,-118.3884078
647,Houston,29.7604267,-95.3698028
648,Temecula,33.4936391,-117.1483648
649,Ann Arbor,42.2808256,-83.7430378
650,Beaumont,30.080174,-94.1265562
651,East Lansing,42.7369792,-84.48386540000001
652,Santee,32.8383828,-116.97391670000002
653,Tamarac,26.2128609,-80.2497707
654,Bellevue,41.1543623,-95.9145568
655,Pembroke Pines,26.007765,-80.2962555
656,Springdale,36.18674420000001,-94.1288141
657,Oxnard,34.1975048,-119.17705159999998
658,Odessa,31.8456816,-102.3676431
659,Stillwater,36.1156071,-97.0583681
660,Brockton,42.083433500000005,-71.0183787
661,Bayonne,40.6687141,-74.11430909999999
662,Paramount,33.8894598,-118.15979109999998
663,Moline,41.5067003,-90.5151342
664,Meridian,32.3643098,-88.70365600000001
665,Cleveland,35.1595182,-84.8766115
666,Jersey City,40.7281575,-74.0776417
667,St. Paul,44.9537029,-93.0899578
668,Deltona,28.9005446,-81.2636738
669,Freeport,40.65760220000001,-73.58318349999999
670,Iowa City,41.6611277,-91.5301683
671,Anaheim,33.8352932,-117.9145036
672,Apple Valley,44.7319094,-93.21772
673,Great Falls,47.4941836,-111.2833449
674,West Valley City,40.691613200000006,-112.0010501
675,Hampton,37.0298687,-76.3452218
676,Georgetown,30.633261800000003,-97.6779842
677,Orem,40.2968979,-111.69464750000002
678,Monrovia,34.14426160000001,-118.0019482
679,Keller,32.9341893,-97.229298
680,Goose Creek,32.9810059,-80.03258670000001
681,Little Rock,34.7464809,-92.2895948
682,Santa Ana,33.7455731,-117.8678338
683,White Plains,41.0339862,-73.76290970000001
684,Idaho Falls,43.4916514,-112.0339645
685,Bellevue,47.610377,-122.2006786
686,Roseville,38.7521235,-121.28800590000002
687,Perth Amboy,40.5067723,-74.2654234
688,Peabody,42.5278731,-70.92866090000001
689,Grand Island,40.92639570000001,-98.3420118
690,Columbia,38.95170529999999,-92.3340724
691,Racine,42.7261309,-87.78285229999999
692,Carmel,39.978371,-86.1180435
693,Portage,42.20115379999999,-85.5800022
694,Middletown,39.5150576,-84.39827629999999
695,Woodland,38.6785157,-121.7732971
696,Revere,42.408430200000005,-71.0119948
697,Euless,32.8370727,-97.0819541
698,Arlington Heights,42.0883603,-87.9806265
699,Hemet,33.7475203,-116.9719684
700,High Point,35.955692299999995,-80.0053176
701,Newark,40.0581205,-82.4012642
702,Midwest City,35.4495065,-97.3967019
703,San Marcos,33.1433723,-117.1661449
704,Port Orange,29.1383165,-80.9956105
705,Lakewood,33.853626899999995,-118.1339563
706,Westerville,40.1261743,-82.9290696
707,Rockford,42.2711311,-89.09399520000001
708,El Cajon,32.7947731,-116.9625269
709,St. Petersburg,27.773056,-82.64
710,Downers Grove,41.8089191,-88.01117459999999
711,Milford,41.2306979,-73.064036
712,Albany,44.6365107,-123.1059282
713,Las Vegas,36.1699412,-115.13982959999998
714,Pasadena,29.6910625,-95.2091006
715,Port St. Lucie,27.2730492,-80.3582261
716,Cedar Rapids,41.9778795,-91.6656232
717,Ormond Beach,29.2858129,-81.05588940000001
718,Quincy,42.25287720000001,-71.0022705
719,Miramar,25.9860762,-80.3035602
720,El Paso,31.7775757,-106.4424559
721,Topeka,39.0558235,-95.6890185
722,Rosemead,34.0805651,-118.072846
723,Keizer,44.9901194,-123.0262077
724,Minnetonka,44.9211836,-93.4687489
725,Akron,41.081444700000006,-81.51900529999999
726,Edinburg,26.3017374,-98.1633432
727,Rancho Cucamonga,34.1063989,-117.5931084
728,North Charleston,32.8546197,-79.9748103
729,Louisville,38.2526647,-85.7584557
730,Watsonville,36.910231,-121.7568946
731,Coconut Creek,26.2517482,-80.17893509999999
732,Bradenton,27.4989278,-82.5748194
733,Carlsbad,33.158093300000004,-117.3505939
734,Texas City,29.383845,-94.9027002
735,Redding,40.5865396,-122.3916754
736,Wyoming,42.9133602,-85.7053085
737,Lorain,41.452819,-82.18237459999999
738,Roy,41.1616108,-112.0263313
739,Fort Lauderdale,26.1224386,-80.13731740000001
740,Warner Robins,32.6130007,-83.624201
741,Clearwater,27.9658533,-82.8001026
742,Cutler Bay,25.5808323,-80.3468593
743,Florence,34.79981,-87.677251
744,Terre Haute,39.4667034,-87.4139092
745,Temple,31.0982344,-97.342782
746,Beavercreek,39.7092262,-84.0632685
747,Sioux Falls,43.5445959,-96.7311034
748,Columbus,39.2014404,-85.9213796
749,Margate,26.244526300000004,-80.206436
750,Leominster,42.5250906,-71.759794
751,Warwick,41.7001009,-71.4161671
752,Bakersfield,35.3732921,-119.0187125
753,Miami,25.7616798,-80.1917902
754,Lake Charles,30.226594899999995,-93.2173758
755,Richland,46.2856907,-119.2844621
756,Hickory,35.7344538,-81.3444573
757,South San Francisco,37.654656,-122.4077498
758,Plymouth,45.01051939999999,-93.4555093
759,South Bend,41.6763545,-86.25198979999999
760,Edmond,35.6528323,-97.4780954
761,Des Moines,41.6005448,-93.6091064
762,Bonita Springs,26.339806,-81.77869720000001
763,Draper,40.5246711,-111.8638226
764,Whittier,33.97917929999999,-118.032844
765,Livonia,42.36837,-83.3527097
766,Milwaukee,43.0389025,-87.9064736
767,Auburn,47.3073228,-122.22845320000002
768,Sumter,33.9204354,-80.3414693
769,Beverly,42.5584283,-70.880049
770,Renton,47.4828776,-122.21706609999998
771,Centennial,39.5807452,-104.8771726
772,Richmond,37.5407246,-77.4360481
773,Anderson,40.1053196,-85.6802541
774,Beaumont,33.929460600000006,-116.977248
775,Pflugerville,30.4393696,-97.6200043
776,Hoboken,40.7439905,-74.0323626
777,Lexington-Fayette,38.040583700000006,-84.50371640000002
778,Norwalk,33.9022367,-118.081733
779,Yuma,32.6926512,-114.6276916
780,Highland,34.1283442,-117.2086513
781,Carol Stream,41.9125286,-88.1347927
782,Joliet,41.525031,-88.0817251
783,Rock Hill,34.9248667,-81.02507840000001
784,Rancho Cordova,38.5890723,-121.302728
785,Dearborn Heights,42.3369816,-83.2732627
786,Honolulu,21.3069444,-157.8583333
787,Victoria,28.8052674,-97.0035982
788,Attleboro,41.9445441,-71.2856082
789,Wylie,33.0151201,-96.5388789
790,Carrollton,32.975641499999995,-96.8899636
791,Plainfield,41.632223,-88.2120315
792,Hoffman Estates,42.0629915,-88.1227199
793,Methuen,42.7262016,-71.19089240000001
794,North Port,27.044224,-82.23592540000001
795,Rockville,39.0839973,-77.1527578
796,Burbank,34.18083920000001,-118.30896609999998
797,Fullerton,33.8703596,-117.9242966
798,Oshkosh,44.0247062,-88.5426136
799,Huntsville,30.723526300000003,-95.5507771
800,Farmington Hills,42.4989936,-83.3677168
801,Pico Rivera,33.9830688,-118.096735
802,Cerritos,33.8583483,-118.0647871
803,La Puente,34.0200114,-117.9495083
804,Grand Junction,39.0638705,-108.5506486
805,Enid,36.3955891,-97.8783911
806,San Jose,37.3382082,-121.88632859999998
807,Round Rock,30.508255100000003,-97.678896
808,Maple Grove,45.072464200000006,-93.4557877
809,Norman,35.2225668,-97.4394777
810,Homestead,25.4687224,-80.4775569
811,Friendswood,29.529399800000004,-95.2010447
812,Irvine,33.6839473,-117.7946942
813,Pocatello,42.8713032,-112.4455344
814,Pacifica,37.6138253,-122.48691940000002
815,Sheboygan,43.7508284,-87.71453000000001
816,Bossier City,32.5159852,-93.7321228
817,Cedar Park,30.505198,-97.8202888
818,Sandy Springs,33.9304352,-84.3733147
819,Champaign,40.1164204,-88.2433829
820,Clifton,40.8584328,-74.16375529999999
821,Moore,35.339507899999994,-97.4867028
822,Blue Springs,39.0169509,-94.2816148
823,Lancaster,34.6867846,-118.1541632
824,Bryan,30.6743643,-96.3699632
825,Hurst,32.82346210000001,-97.1705678
826,Cape Coral,26.5628537,-81.94953309999998
827,Cupertino,37.3229978,-122.0321823
828,Pittsfield,42.4500845,-73.2453824
829,Gilroy,37.0057816,-121.5682751
830,Manchester,42.995639700000005,-71.4547891
831,Virginia Beach,36.8529263,-75.977985
832,Salina,38.8402805,-97.6114237
833,Somerville,42.3875968,-71.0994968
834,Largo,27.9094665,-82.7873244
835,Fresno,36.7468422,-119.7725868
836,Phenix City,32.4709761,-85.0007653
837,Berwyn,41.8505874,-87.79366850000001
838,Palm Beach Gardens,26.8233946,-80.1386547
839,Pawtucket,41.878711,-71.38255579999999
840,San Gabriel,34.0961111,-118.1058333
841,Winston-Salem,36.0998596,-80.24421600000001
842,Alpharetta,34.07537620000001,-84.2940899
843,O'Fallon,38.8106075,-90.6998477
844,Redwood City,37.4852152,-122.2363548
845,Union City,37.59339179999999,-122.0438298
846,Hallandale Beach,25.9812024,-80.148379
847,Mankato,44.1635775,-93.9993996
848,Aliso Viejo,33.5676842,-117.7256083
849,Menifee,33.6971468,-117.185294
850,Loveland,40.397761200000005,-105.0749801
851,Carpentersville,42.1211364,-88.2578582
852,Providence,41.8239891,-71.4128343
853,Hialeah,25.8575963,-80.2781057
854,San Ramon,37.7799273,-121.9780153
855,Ontario,34.0633443,-117.6508876
856,Kirkland,47.6814875,-122.2087353
857,St. George,37.0965278,-113.5684164
858,Hilton Head Island,32.216316,-80.752608
859,Glendale,34.1425078,-118.255075
860,Meriden,41.5381535,-72.8070435
861,Gardena,33.8883487,-118.3089624
862,Westfield,42.1250929,-72.749538
863,Elgin,42.0354084,-88.2825668
864,Plano,33.0198431,-96.6988856
865,Longmont,40.1672068,-105.1019275
866,Coppell,32.9545687,-97.0150078
867,Lakewood,41.481993200000005,-81.7981908
868,Jonesboro,35.8422967,-90.704279
869,College Station,30.627977,-96.3344068
870,Dearborn,42.3222599,-83.1763145
871,Utica,43.100903,-75.232664
872,Monroe,32.5093109,-92.1193012
873,Baltimore,39.2903848,-76.6121893
874,Springfield,37.20895720000001,-93.2922989
875,Pine Bluff,34.2284312,-92.0031955
876,Plainfield,40.6337136,-74.40737359999999
877,Lynn,42.466763,-70.9494938
878,Woodbury,44.923855200000006,-92.9593797
879,Gainesville,29.6516344,-82.3248262
880,West Sacramento,38.5804609,-121.530234
881,Sammamish,47.6162683,-122.0355736
882,Aventura,25.9564812,-80.1392121
883,Fayetteville,36.0625795,-94.1574263
884,San Rafael,37.9735346,-122.5310874
885,Conway,35.0886963,-92.4421011
886,Tacoma,47.2528768,-122.4442906
887,Middletown,41.5623209,-72.6506488
888,Burlington,44.4758825,-73.21207199999999
889,Twin Falls,42.5629668,-114.4608711
890,Sherman,33.635661799999994,-96.6088805
891,New York,40.7127837,-74.00594129999999
892,Simi Valley,34.2694474,-118.781482
893,West Covina,34.0686208,-117.93895259999998
894,Castle Rock,39.372212100000006,-104.8560902
895,Valdosta,30.8327022,-83.2784851
896,Fort Worth,32.7554883,-97.3307658
897,Carson,33.8316745,-118.281693
898,Evansville,37.9715592,-87.5710898
899,Santa Maria,34.953033700000006,-120.4357191
900,Brentwood,36.0331164,-86.7827772
901,La Mesa,32.7678287,-117.02308390000002
902,Westminster,39.8366528,-105.03720459999998
903,Reading,40.3356483,-75.9268747
904,Turlock,37.4946568,-120.8465941
905,Greeley,40.42331420000001,-104.7091322
906,Tyler,32.351260100000005,-95.3010624
907,Winter Garden,28.5652787,-81.5861847
908,Waco,31.549333,-97.1466695
909,Martinez,38.0193657,-122.1341321
910,Thousand Oaks,34.1705609,-118.8375937
911,Azusa,34.1336186,-117.9075627
912,Bridgeport,41.18654779999999,-73.1951767
913,St. Louis Park,44.9597376,-93.3702186
914,Chesterfield,38.6631083,-90.5770675
915,Greenacres,26.6276276,-80.1353896
916,Pasco,46.2395793,-119.10056570000002
917,Torrance,33.835849200000006,-118.3406288
918,Madison,43.07305170000001,-89.4012302
919,Janesville,42.6827885,-89.01872220000001
920,Waukegan,42.3636331,-87.84479379999999
921,Bowling Green,36.9685219,-86.48080429999999
922,Arlington,32.735687,-97.1080656
923,Lewisville,33.046233,-96.994174
924,Farmington,36.7280583,-108.2186856
925,Oakley,37.9974219,-121.7124536
926,Palo Alto,37.4418834,-122.1430195
927,Springfield,44.0462362,-123.0220289
928,New Bedford,41.6362152,-70.934205
929,Redmond,47.6739881,-122.121512
930,Brentwood,37.931868,-121.6957863
931,Davis,38.5449065,-121.7405167
932,La Mirada,33.9172357,-118.0120086
933,Smyrna,35.9828412,-86.51860450000001
934,Altoona,40.5186809,-78.3947359
935,Dothan,31.2232313,-85.39048879999999
936,East Orange,40.767323,-74.20486770000001
937,Tinley Park,41.5731442,-87.7932939
938,Biloxi,30.396031800000003,-88.88530779999999
939,Urbana,40.1105875,-88.2072697
940,Garden Grove,33.7739053,-117.9414477
941,Lynwood,33.930293,-118.21146029999998
942,Northglenn,39.8961821,-104.9811468
943,Canton,40.7989473,-81.378447
944,Brookhaven,33.8651033,-84.3365917
945,Baton Rouge,30.4582829,-91.1403196
946,Bristol,41.6717648,-72.9492703
947,Independence,39.0911161,-94.4155068
948,Lansing,42.732535,-84.55553470000001
949,Orland Park,41.6303103,-87.8539425
950,Vineland,39.4863773,-75.0259637
951,Green Bay,44.519159,-88.019826
952,Evanston,42.0450722,-87.6876969
953,Ocoee,28.5691677,-81.5439619
954,Los Angeles,34.0522342,-118.24368490000002
955,Federal Way,47.3223221,-122.3126222
956,West Jordan,40.6096698,-111.9391031
957,Yucaipa,34.033625,-117.0430865
958,Pittsburgh,40.4406248,-79.9958864
959,Downey,33.9401088,-118.1331593
960,Cicero,41.8455877,-87.7539448
961,South Gate,33.954737,-118.2120161
962,Panama City,30.1588129,-85.6602058
963,Joplin,37.0842271,-94.513281
964,League City,29.5074538,-95.0949303
965,Salt Lake City,40.7607793,-111.89104740000002
966,Fort Pierce,27.446705600000005,-80.3256056
967,Phoenix,33.4483771,-112.0740373
968,Corvallis,44.5645659,-123.2620435
969,Cedar Hill,32.5884689,-96.9561152
970,Chicopee,42.14870429999999,-72.6078672
971,Ocala,29.1871986,-82.14009229999999
972,Roswell,34.0232431,-84.36155550000001
973,Park Ridge,42.0111412,-87.8406192
974,Concord,43.2081366,-71.5375718
975,Olympia,47.0378741,-122.9006951
976,Huntington Beach,33.660297,-117.9992265
977,Corpus Christi,27.8005828,-97.396381
978,Haverhill,42.7762015,-71.0772796
979,Hanover Park,41.9994722,-88.1450735
980,Cambridge,42.3736158,-71.10973349999999
981,Glendale,33.538652299999995,-112.1859866
982,Stanton,33.802515500000005,-117.9931165
983,Summerville,33.0185039,-80.17564809999999
984,Davenport,41.5236437,-90.5776367
985,Boca Raton,26.3683064,-80.1289321
986,New Britain,41.6612104,-72.77954190000001
987,Roseville,42.4972583,-82.93714090000002
988,Cleveland Heights,41.5200518,-81.556235
989,Gresham,45.5001357,-122.4302013
990,Lauderhill,26.1403635,-80.2133808
991,Hendersonville,36.3047735,-86.6199957
992,Santa Clara,37.3541079,-121.9552356
993,Oceanside,33.1958696,-117.3794834
994,Lake Forest,33.6469661,-117.689218
995,Novi,42.48059,-83.47549129999999
996,West New York,40.7878788,-74.0143064
997,Everett,42.40843,-71.0536625
998,Linden,40.6220478,-74.2445902
999,Asheville,35.5950581,-82.5514869
1000,Compton,33.8958492,-118.2200712
